Center,clonal_cluster_ID,3h,6h,2d,3d,4d,5d,6d,7d,8d,9d,10d,11d,12d,13d,14d
CTTCGTAGGACAATG,7,1,1771,1630,1496,1479,1478,1229,821,304,453,294,241,69,72,43
CTTCTTCATCCTAAA,3,0,422,519,722,432,531,446,779,1641,1684,2111,2134,1894,1516,1446
CTTGGGAGGTGCGTC,7,0,1015,1363,747,1093,1057,708,712,558,376,267,136,111,90,100
CTTGTGCCTGGTACT,7,0,1041,1329,1102,830,862,600,500,210,136,124,120,89,16,7
CTTGTGGGTAGTTGT,7,0,747,1019,735,800,754,645,342,198,197,170,65,66,28,30
GAAAACATGTCAGGA,7,0,708,673,549,551,539,549,272,227,155,117,58,44,43,72
GAAAAGTAGGTATTC,7,0,892,1271,749,731,1011,736,436,332,318,207,133,60,54,22
AAGTTTCGGCGGGTC,7,0,972,1564,658,631,850,636,223,262,116,127,101,38,28,27
GAAACGACGGGGTGG,7,0,610,350,741,683,642,468,293,245,207,135,45,84,33,16
GAAACGGACACGGCA,7,0,760,1027,772,480,545,548,207,88,57,94,39,13,9,8
AAGTTTGCACAACAC,7,0,856,720,838,754,583,554,298,159,185,106,43,37,25,18
GAAATCACAGTAGTT,1,0,185,1,81,100,170,245,1018,2819,3614,4468,4232,3950,2570,3051
GAAATCTTTCGCGGG,7,0,74,182,697,833,690,448,322,193,139,151,92,29,59,13
GAAATGACGGAATCA,3,1,50,306,0,96,178,299,1235,3223,4486,5281,5231,5349,4027,3841
GAACAAGACTGATAT,7,1,3256,3250,2801,2880,2783,2137,1356,986,1000,509,453,279,199,81
GAACTGCCTAGGAGT,7,0,492,682,857,521,556,517,279,135,102,52,46,80,10,9
GAAGACGACCAGGAC,3,0,88,47,301,153,91,165,598,1370,1615,2197,1802,1687,1372,1503
GAAGCCGCGTTTCAT,7,0,557,665,516,616,528,510,294,148,102,102,103,60,81,6
GAAGGGCATGAGATG,7,0,697,1039,379,519,575,609,284,205,130,123,44,25,37,35
GAAGTGGTTCCTGAA,7,0,830,1059,1245,868,970,753,533,309,559,240,164,108,35,23
GAATACTTGGCTTTT,7,1,2048,2105,2030,1808,1681,1911,876,630,545,311,238,146,114,60
GAATAGGGTATTCCT,7,0,813,844,899,642,618,459,196,246,153,116,75,46,40,3
GAATAGTTCGTATAG,3,0,620,781,550,623,737,1931,6994,20261,27159,35063,30143,28186,22441,24215
GAATCGTATGTGGTT,7,0,722,796,420,648,677,671,279,200,264,171,74,42,12,19
GAATTTACGTCAACG,7,0,910,703,994,906,819,673,453,247,187,126,121,95,65,24
GACACGCGGATGTGG,7,71,2546,2888,2187,2303,2383,1576,1174,815,656,491,226,162,127,98
GACAGCATGCCGCCT,7,0,790,998,1269,761,644,449,355,327,211,200,117,94,61,73
GACAGCGGCAAAATG,7,0,1793,1849,1591,1701,1664,1173,878,666,480,339,167,179,57,48
GACATAACATGAAGT,7,0,632,236,581,526,648,470,355,173,102,86,106,105,37,40
GACCACAGGACATGG,7,0,1110,1203,721,893,835,833,399,308,155,244,188,96,81,31
GACCACGCTACTGGT,7,0,813,1039,666,1094,957,884,582,252,143,213,81,76,28,17
GACCCCCCTGTGGAG,7,0,961,1303,1562,1203,1151,929,648,388,224,201,95,86,47,38
GACCCCCGTGCAGTA,7,0,623,981,1006,693,733,543,296,231,258,134,199,37,82,59
GACCGGCAAGACACA,7,0,540,507,360,471,551,420,266,229,207,99,69,35,31,49
GACCGTACACCGAGA,7,0,487,525,718,536,492,620,275,173,149,71,43,66,45,42
GACCTATAATTGTCA,7,0,536,874,730,532,472,415,336,153,90,107,28,33,47,48
GACCTCTAGCTCAAA,7,0,557,537,976,659,766,569,325,323,241,79,62,34,36,1
GACGAAGTATAAGAT,7,0,1587,2358,1327,1511,1367,1365,731,628,370,301,114,121,70,69
GACGAATGTTCTCTA,7,0,583,738,549,452,457,468,178,198,172,78,31,39,27,13
GACGAGGAGGATTAT,4,0,84,412,590,557,828,1245,884,846,835,580,379,254,247,183
GACGATACATGAATG,7,0,489,991,127,478,440,391,271,217,110,156,108,126,42,14
GACGCGAGGTTGTAA,7,0,529,1127,586,569,543,333,247,183,190,90,57,27,27,7
GACGTAGCCTACTAC,7,0,1029,1443,1188,895,613,551,313,198,193,156,71,58,48,25
AATAGGTTAGAGAAA,7,0,662,425,537,492,521,523,263,185,58,89,47,17,24,33
GACTAACGAGTGTGG,7,0,500,321,737,781,859,672,389,397,90,129,78,60,51,12
GACTACCACTGAGTT,3,0,160,273,42,152,124,125,296,518,898,791,1032,801,557,468
GACTATCCTTTACGT,4,0,212,270,373,879,1174,1573,1362,1238,745,714,503,320,261,152
GACTCACCCTCGACT,7,0,777,655,652,723,832,561,347,266,245,132,104,29,32,27
GAGAAACCAGGTACA,3,0,79,143,63,101,85,102,192,560,596,731,853,712,414,550
GAGAAAGCATGCAAC,3,0,614,759,753,609,581,930,1781,4758,6067,7160,6140,6548,4568,4676
GAGATGATCTGGCGA,7,0,751,521,454,358,741,304,235,153,118,120,63,4,40,21
AATATCGTAGGTTTG,7,0,645,373,787,634,376,433,180,171,198,93,60,11,22,9
GAGCAACCCGTTTTC,8,128990,247,423,182,324,1034,141,82,209,16,55,55,15,7,1
GAGCCCTATCTGCGA,7,0,2242,1876,1983,1605,1242,1253,691,404,396,360,203,82,94,48
GAGCGAGTTAGTTAG,8,66408,2881,3254,1984,2450,2736,2259,1094,613,594,499,324,225,103,49
GAGCGGATACGGCGG,7,0,936,984,726,725,687,489,271,241,115,100,57,66,11,1
GAGCTAATTACATGT,7,0,264,510,1137,1005,1176,1020,473,452,317,270,174,103,70,70
GAGCTAGGCACCGACC,7,0,513,636,526,519,379,523,258,155,211,103,97,36,31,17
GAGCTCAGTATTATT,7,0,2201,2807,2395,2031,1945,1753,1046,829,591,397,330,201,97,104
GAGCTCTTGTGATTT,3,0,35,88,1,17,25,73,232,591,639,933,794,878,548,692
GAGGAAGCGCCACCC,7,0,683,638,310,582,635,379,287,149,143,143,24,48,32,42
AATATTCCACACTAG,7,0,771,976,776,691,693,452,328,209,248,118,77,69,50,14
GAGGATTACTGCATA,7,0,536,626,620,610,643,372,274,126,101,128,103,56,20,7
GAGGCCACAGGACGC,3,0,234,195,164,267,241,399,876,1695,1941,2341,1994,1577,1090,1371
GAGGCCGAGAAGATC,3,0,229,257,177,244,243,255,268,518,739,859,683,619,508,507
AATATTTGTACGTTA,3,0,625,275,212,405,527,629,1119,1973,2157,2445,1642,1934,924,1233
GAGGCTTTGGAATTG,7,0,1262,1713,860,1054,1220,957,500,448,314,164,88,120,17,27
GAGGGAGTAATGCTG,7,0,860,1191,1411,947,709,704,370,319,145,188,105,81,31,18
GAGGTGCGTCAAAGG,7,49,540,827,909,745,749,647,366,283,188,197,79,31,21,30
GAGTAGGATGACGTA,7,0,584,844,953,543,494,559,242,112,162,142,66,46,31,41
GAGTGCACCAGCGGG,3,0,132,185,59,95,125,118,160,339,593,684,678,716,475,413
GAGTGTTACGAAACG,7,0,760,1727,385,771,642,702,400,122,267,94,50,94,34,8
GAGTTACTTGTCTGA,7,0,436,616,554,658,568,533,246,250,221,114,29,33,36,39
GATAAGACAATTGCT,6,0,41,15,1349,1287,1547,786,554,365,320,152,144,90,43,16
GATATGGGTCAGTGG,7,0,570,689,553,581,511,438,184,165,136,82,80,21,24,14
GATCAATTGGCTAAG,4,0,189,381,329,552,691,980,761,669,659,395,304,119,136,73
GATCGAGCAGAGTAA,7,0,519,513,326,578,566,409,299,198,93,159,58,45,40,15
GATCGATATAACATA,7,0,1313,1729,1425,1284,1461,1115,643,553,285,256,196,143,65,28
AATCGATTGACAATC,7,0,483,695,916,482,515,499,177,115,172,72,61,85,32,10
GATCGTCTCATCAAT,3,0,699,854,624,836,713,781,555,1280,1480,1604,1819,1378,1041,986
GATGGCACACTGGGT,7,0,1019,1387,897,995,788,376,453,352,138,168,80,39,53,39
GATGGCGACAAAGAA,3,0,194,123,148,168,273,296,733,1359,2165,2284,2229,2259,1504,1249
GATGGTTAACATAGG,7,0,789,962,850,840,665,633,389,347,278,122,50,70,48,21
GATGTCAGATGTAAA,7,0,998,1274,689,865,847,624,417,360,309,188,41,87,45,22
GATGTTGCGGGCCTA,7,0,336,240,1259,1014,957,858,438,213,193,186,81,93,43,18
GATTACAAGAAGGAA,7,0,672,513,525,504,528,474,242,133,245,106,43,60,17,10
GATTACGTTACTCTT,7,0,1121,1107,1399,1198,1083,730,485,390,254,263,104,86,54,25
AATCTACGCTAACAA,3,1,19,79,1,27,147,496,1705,4551,6551,7125,6765,6919,5328,4952
GATTCCAGTGAGTTA,7,0,721,740,381,499,450,334,201,205,171,66,57,35,25,45
GATTGTAGACTGCAT,7,5,497,523,529,608,628,441,185,176,101,117,91,45,20,18
GCAAAAAGCCGAGCT,7,0,829,667,572,698,760,899,411,237,199,102,57,104,66,8
GCAAAGGAGAGCTCT,3,0,148,61,146,161,129,123,377,860,1088,1299,2386,1434,1091,1052
GCAAAGGATTGTCTA,7,0,915,1197,1192,819,737,591,418,196,150,176,144,88,43,34
GCAACACGGGGCCGG,7,1,871,980,876,673,731,628,387,292,203,151,115,0,21,3
GCAAGCATTTTAAGC,7,0,448,759,616,669,540,543,322,143,105,90,92,85,17,38
GCAATAAGGTTCGCG,3,0,147,110,56,94,118,178,167,248,471,643,406,655,480,505
GCACAGATGTTTTTG,7,0,793,554,439,616,653,546,393,275,282,111,71,49,19,51
GCACAGGAAAATCAC,7,0,603,542,710,441,513,374,234,261,161,96,71,65,26,6
GCACGACGGGGGGTA,7,0,414,706,638,626,537,633,288,140,200,85,125,45,21,9
GCACGGACTCGTACC,3,0,103,160,313,126,78,239,496,1188,2086,1721,1845,1558,1081,1578
GCACGTTTGAACGTA,7,0,514,818,775,815,698,663,322,231,179,144,52,26,34,14
GCACTAGGAATTGGC,3,0,600,435,634,531,474,388,692,1238,1876,2225,1905,1790,1384,1397
GCAGCTAAGACGTGT,7,0,629,369,588,623,634,597,404,221,226,106,112,15,9,25
GCAGGCAAGGTTATG,3,0,398,599,500,499,541,505,760,1313,1507,1803,1804,1438,1145,1284
GCAGGGTTGCGGTAC,7,0,692,1687,1052,686,760,572,358,291,224,146,72,45,5,13
GCAGTCAGAAAATGC,7,0,761,1072,811,540,591,559,234,192,147,97,53,36,30,36
GCATAAGGCTCCAGA,7,0,1404,1596,1262,1639,1904,1837,1235,1098,765,593,343,187,145,130
GCATCCTACTGTTCA,7,0,683,1017,1113,665,816,445,266,278,115,73,87,87,55,17
GCATGATTCCGGGTT,7,0,1528,1673,1613,1500,1257,937,630,350,249,215,114,113,112,41
GCCACCGGAAGGGAT,7,0,1343,1140,997,1177,1357,825,567,506,306,297,317,119,130,185
GCCAGTTAAAGCTTA,7,0,862,1071,533,643,668,356,313,216,114,104,86,35,32,20
GCCATCTAGAATTTA,7,0,414,367,584,349,447,504,443,304,264,169,232,174,146,115
GCCATTGACTCTATA,7,0,622,897,560,607,587,620,220,195,120,147,59,6,22,30
GCCCAGATCATTGCG,7,0,825,503,341,563,505,394,174,274,43,99,8,27,33,64
GCCCATTTTGCAAGT,3,0,374,277,150,219,178,492,897,2872,3865,4304,3929,3802,2846,2701
GCCCGCGTTCATGAG,7,0,736,1020,850,624,929,430,275,358,206,128,57,95,25,26
GCCCTACGCCTAATG,7,0,625,875,736,510,664,453,269,215,53,125,78,9,47,19
GCCGTATTTATCGTA,7,0,324,577,441,658,646,709,564,445,352,273,210,230,64,86
AATGGCGGCTATCGC,7,0,605,705,767,600,602,529,197,292,60,129,42,18,48,41
GCGAGGGGTATGCAT,7,0,812,339,352,593,520,304,297,209,170,195,98,6,34,2
GCGCAAAGAACGTGC,7,0,857,1218,544,748,729,554,360,266,181,185,43,88,36,20
GCGGTGTAGTTATCA,7,0,669,680,580,583,655,416,439,257,266,176,108,101,44,66
GCGGTGTTTGAGGGG,7,0,1319,1395,633,1230,1300,1092,651,484,408,256,167,110,65,36
AATGGTGCTTCCTGT,7,0,1481,1925,1408,1441,1290,994,513,461,295,267,91,98,64,57
GCGTACATGCGCATA,7,0,1358,1249,1491,1460,1418,1088,636,316,227,306,209,67,131,31
GCGTAGGAGACGGCT,7,0,586,1014,435,603,845,495,237,120,102,77,63,45,30,19
GCGTGCACGGGTGGA,7,0,697,538,613,525,722,543,322,193,157,107,41,21,49,25
GCGTGCTAATGGACC,7,1,447,621,305,580,424,368,467,333,267,205,192,199,90,37
GCGTTGCGACGGGTA,5,0,192,139,185,303,409,523,635,382,403,295,307,189,117,140
GCTAAAGCAAGCAAG,7,0,894,1067,1049,892,908,543,384,288,365,167,141,55,37,53
GCTAGATAGACTTGT,7,0,886,1263,843,687,817,792,361,180,93,139,68,95,29,10
AATGTCACATGAGAG,7,0,681,821,737,764,625,468,375,171,183,191,68,51,69,23
GCTCACTGAGGTGCT,7,0,643,975,808,652,741,792,313,142,114,126,45,44,63,16
AATGTCTATATGACA,7,0,769,710,842,496,495,227,255,148,90,92,38,75,29,14
GCTGAAGAGCGATGC,7,0,529,641,724,489,522,432,205,174,90,96,72,52,34,10
GCTGAATGCCCTCAA,7,0,744,695,587,527,425,199,284,106,124,78,33,36,5,9
GCTGGTGGATCGGAT,7,0,569,469,992,372,486,453,191,85,140,126,42,37,24,23
GCTGTATTTATCAAG,7,0,941,1307,2449,2034,1944,1545,886,642,595,414,251,153,83,50
GCTTCGCGGTTCCAC,7,0,821,739,725,594,555,543,255,107,105,116,83,64,58,1
GCTTGCACATCGTTT,7,0,955,1145,388,851,662,709,428,262,160,202,86,95,41,51
GCTTGTTACTAGAGC,7,0,1438,1737,1850,1065,1116,842,580,337,315,238,128,79,107,48
GCTTTAAGATACGAA,7,0,1430,1664,955,919,817,922,436,325,176,231,112,91,71,66
GCTTTCGCCGGTGGT,3,0,655,686,1006,651,617,671,711,1629,2060,2574,2574,1860,1379,1517
GCTTTCGTATAAGTA,7,0,697,1025,697,735,742,612,322,209,134,103,79,59,30,6
GCTTTTGAGACGGAT,7,1,3728,3021,2854,3229,2785,2383,1363,879,797,483,356,298,206,199
GGAAATGAGCGGCAA,7,0,1698,1589,812,1559,1322,1527,700,384,342,317,136,131,120,91
GGAACTTGAGTTTC,8,617415,193,224,138,139,89,68,88,20,62,33,23,14,16,15
GGAAGTCTGCTAAGC,7,0,394,727,919,849,855,552,427,381,175,144,65,100,48,12
GGACAATGGTCCAGT,7,1,1047,977,983,788,943,780,427,207,170,199,191,83,50,38
GGACAGCTACCATGT,7,0,867,1073,923,960,943,704,463,205,229,204,154,57,30,31
AATTAGTAGATGGGT,7,138,1510,1584,1005,1100,1136,951,531,363,321,165,149,58,50,21
AATTATAGCATCTGT,7,0,1197,1195,1189,1055,1158,746,392,364,186,125,141,75,64,33
GGACGAGTCATAGAG,7,0,1073,1263,1462,1090,1126,762,564,404,232,181,192,122,39,48
AATTATCTTAATCAT,7,0,1144,1232,918,959,1019,744,461,270,189,198,82,56,35,68
GGACTCACGATGGGT,7,0,607,693,647,680,573,490,321,305,207,136,53,71,25,34
AATTATTACGCACAA,7,0,724,546,537,513,716,477,202,123,61,57,89,80,23,9
GGACTTGACCGGTA,7,1,1972,2049,2541,2269,1652,1505,951,730,650,531,418,496,226,138
GGAGCCCACCTACTC,8,54658,280,301,261,257,213,211,204,75,87,39,37,27,0,14
GGAGGATTTGCGGGC,7,0,529,800,526,658,584,500,312,195,166,123,41,74,34,56
GGAGGCGGGGTGTGC,7,0,514,562,589,426,526,331,301,206,256,111,33,77,22,17
GGATAATCGAGACGC,7,0,1106,1772,1277,1201,1148,907,483,324,340,214,117,83,31,42
GGATACCGTCTGTAC,7,78,1045,1209,1289,835,633,603,326,220,137,115,67,22,38,34
GGATATCTCCGGAGA,7,0,6195,6979,6326,5605,5727,4550,2690,1491,1862,1154,662,407,265,214
GGATATCTTATGACA,4,0,125,312,212,430,536,675,567,309,575,301,212,218,66,81
GGATCCCGATTGGCA,7,0,706,1008,1205,871,963,459,298,165,128,139,81,34,55,16
GGATGAGAGCCTAGG,7,0,710,819,690,512,665,387,275,266,113,92,44,30,27,63
AATTGAAGCTCAAAG,7,0,3077,2570,2415,2738,2836,2114,1290,1163,1010,886,491,614,412,433
GGATGTGCGTAACTT,7,1,1310,1537,1514,1160,1201,886,583,284,324,161,93,80,49,38
GGATTGACGAAGAAT,7,0,861,426,677,624,535,538,311,184,143,109,121,51,65,13
GGCAACTGCGCACAG,7,0,1738,2139,1372,1598,1778,1800,949,538,261,434,189,213,85,74
GGCACGGTGCTGTAA,7,0,660,510,663,676,903,551,417,163,202,110,129,15,24,47
GGCAGAAAGCTAATT,4,0,553,1208,1140,1887,2447,3847,3379,2232,2287,1632,1222,1147,636,556
GGCATCATTCCTTGT,7,0,2063,2488,1850,1854,1811,1711,852,453,483,367,294,155,70,90
GGCATGATTAAGGAA,7,0,2849,4429,1950,2672,2613,2469,1374,936,987,790,389,337,186,246
GGCATGTGTTTGCATC,7,0,732,538,932,784,764,557,277,203,202,128,69,71,49,24
GGCATTTTGCTGAGC,7,0,773,945,436,681,630,404,219,124,76,134,69,40,11,26
GGCCATCCGAGGGGT,7,2,1347,1859,1260,1662,1399,1039,619,476,292,275,129,75,51,40
GGCCTACTAATATAA,4,0,379,910,528,1217,1462,1792,1683,1087,1262,802,448,358,345,201
AATTGGTGCTAGTTC,7,0,1110,1644,1238,873,980,1040,366,173,290,190,128,60,58,12
GGCTATCCTGCGGGT,7,0,882,817,413,721,710,540,328,246,50,137,136,33,22,27
GGCTCGGGACCGTAA,7,0,1138,1072,859,784,627,746,340,280,181,184,124,72,32,15
GGCTGCAGTAAAGCT,1,0,26,2,49,57,43,70,186,923,1144,1370,1250,1183,812,1019
GGCTGCGAGTGCTGC,3,0,66,220,35,71,165,230,638,1774,2040,2704,2241,1813,1410,1596
GGCTGTAGATGAATG,7,0,2286,2389,1733,1979,2142,1619,1033,762,496,486,391,393,198,100
GGGAACATGCGGCAG,7,0,502,698,684,458,589,376,207,237,193,88,51,12,21,21
GGGAACTCTTGTTGT,7,0,456,1131,3953,4126,4197,3100,1851,1190,1156,776,423,343,199,198
GGGAATTCCGGCCAG,7,0,972,692,1041,910,731,706,348,292,266,104,109,54,31,29
GGGACAGCCGAGCCT,7,0,888,1242,664,943,815,760,364,392,259,154,119,88,32,37
GGGAGGAGTTTCATG,7,0,2700,2270,2454,2345,2322,1702,922,716,616,501,300,89,89,92
GGGATCATGGAGTGC,3,0,75,153,31,91,120,115,191,633,531,700,701,611,473,460
AATTTTCTTTAGTGA,7,0,513,473,816,632,626,511,260,186,81,62,71,42,7,7
GGGATGGCAGACAGC,7,0,7558,8209,6442,6821,6596,4794,2875,2161,1829,1274,747,522,283,213
AATTTTGTAACTCTA,7,0,3570,4555,2673,3076,3143,2774,1605,967,1000,647,361,152,113,120
GGGATTGCATGGATT,7,9,2674,2881,2351,2575,2404,2234,1048,847,715,351,277,129,116,137
GGGCAAGTTATTCTC,7,0,1097,726,738,930,735,745,435,320,160,140,89,124,23,49
GGGCAATACTGCACT,2,0,149,215,78,302,622,1007,1593,1423,1042,1076,854,531,472,308
GGGCATGGAACGAGA,7,0,718,989,443,734,823,470,247,276,133,114,82,4,36,19
GGGCCCAGACTCACT,7,0,710,521,809,435,558,459,200,261,115,117,40,16,27,30
GGGCGACACTGGCTA,7,0,732,1200,588,572,660,684,327,123,147,109,75,51,16,30
GGGGAGATTTCGGCT,3,0,151,163,68,81,118,167,327,785,730,827,624,555,430,385
GGGGCAAGGCTCCTT,7,0,719,861,757,612,765,543,335,278,152,107,125,45,33,13
ACAAAGTAGGCATAG,7,0,738,592,469,556,709,439,276,196,150,177,49,20,22,25
GGGTAAGATGAATCT,7,0,766,759,405,453,384,394,211,215,153,131,71,42,11,27
ACAACAGTAAACACA,7,0,2038,2062,1926,1756,1849,1304,745,561,367,338,158,108,84,26
GGGTAGATGACAAGG,7,0,576,692,727,476,437,474,203,134,180,146,9,69,16,19
GGGTTAGGTTTAAGT,7,0,1157,1283,839,1056,1304,785,484,266,236,173,105,65,52,20
GGTAAAGGGATTGTA,7,45,646,671,214,520,556,397,294,231,120,105,49,43,18,28
ACAAGAGTGCCATTG,7,0,888,1035,774,746,912,847,420,237,348,299,172,128,139,119
GGTAGGAGCTCCAAT,3,0,445,629,286,444,364,482,741,1526,1819,2063,1970,2033,1439,1458
ACAAGTAGTTCCATT,7,1,628,1327,926,1086,1159,862,451,180,236,178,131,59,45,38
GGTCACGGATCGGGA,7,0,548,712,596,589,555,425,215,171,151,116,31,34,30,29
GGTCCGGTAAGGGCA,7,0,841,1299,532,833,681,668,371,124,268,161,73,48,47,51
GGTCCTTTAGCACAC,7,0,483,776,944,681,616,577,237,202,90,166,84,66,5,19
GGTGGAAGCGAATCA,3,0,65,90,22,99,96,89,320,816,1024,1237,1128,1196,848,916
GGTGTAGACTGTGGT,7,0,833,845,1264,977,787,815,398,183,314,169,84,117,23,32
GGTGTATGTCGACGG,7,0,439,744,559,534,522,447,219,111,153,54,31,39,10,6
GGTTAACGCGAGCAT,7,0,799,1070,529,698,682,590,307,178,251,124,66,56,18,9
GGTTAATTCATTGCC,7,0,669,330,769,536,644,383,300,267,96,142,65,14,23,30
GGTTACTGTTTGTGA,7,0,800,1209,559,743,651,378,281,146,172,87,121,41,35,22
GGTTATTATTAAATC,1,0,49,27,389,3322,2637,2513,1550,1901,2884,2835,2971,4182,3343,3247
GGTTCAGTAAAACGA,7,0,3850,3587,2785,3222,2802,2515,1361,1098,769,623,424,431,325,259
GGTTCCAGCGAGTGA,4,0,438,1117,1119,1703,2590,3188,3059,2305,2370,1646,1109,732,487,492
GGTTGCAGAAGATTT,7,2,946,634,635,663,532,511,362,121,141,91,70,65,9,25
GGTTGGCGTCAGCCT,7,4,664,227,771,767,586,561,300,220,241,137,48,116,41,17
GGTTTGAGTCAAGGG,7,0,1110,1504,677,963,1079,871,482,331,315,239,86,111,53,30
GGTTTTACGTCGGGT,7,0,736,915,778,499,466,356,197,200,127,107,34,34,19,35
GTAACAGCGTAGCTT,2,3,89,372,573,26938,33936,27318,16627,15151,13577,11693,8588,7042,4011,4406
GTAACGGTGAATGGT,7,0,1067,1017,952,1127,898,953,557,268,270,179,93,67,74,14
GTAAGACACGTTGAC,3,0,339,612,353,457,762,670,705,1096,1695,1936,1754,1671,1406,1129
GTAAGTCTCGGCTT,7,0,792,863,524,575,574,431,318,99,154,80,82,81,13,15
AAACTTTCCATAGGA,7,0,533,541,340,507,520,471,225,194,190,154,76,61,32,19
GTAATGTTGGCCGTA,3,0,67,82,228,104,90,162,440,871,1406,1656,1433,1210,842,965
GTAATTGTCAATGAT,8,30308,341,370,238,201,224,144,134,88,56,32,24,34,0,9
GTACAAAGGGAAGTT,7,0,781,958,581,759,734,687,353,239,324,119,106,97,31,35
GTACAAGTCTAGCGG,7,0,2177,2911,1974,1740,1910,1805,705,488,426,330,291,88,71,43
GTACATATGAATGTA,7,0,534,889,779,446,517,324,263,290,150,72,58,47,7,8
GTACATCCACTCGAT,3,0,122,85,58,115,81,21,213,570,382,837,720,508,481,421
GTACCCGAATTCGAG,7,0,759,956,603,665,748,564,264,187,75,90,99,37,7,30
GTACCGCTTCAGTTC,7,0,521,954,772,587,573,558,275,291,194,139,121,9,76,12
GTACGGTGCGCATTG,7,0,611,591,820,603,547,632,299,154,135,116,44,49,53,7
GTACTGGACATATTT,7,0,780,967,758,662,814,642,323,287,304,168,81,37,37,19
GTAGACTATTCGGTC,7,0,591,754,631,621,526,412,324,156,150,77,42,51,29,20
GTAGAGGAACATGAC,7,0,745,971,753,609,596,620,288,153,68,103,55,48,13,12
GTAGGACCTCTTGTG,3,0,69,121,3,104,456,1045,5352,14598,18177,23617,21815,17501,13701,14859
GTAGGACGAGGCCGT,7,0,889,1022,415,712,1025,720,364,481,592,485,293,192,201,155
GTAGGATAGGCGTGG,7,0,521,965,796,487,463,338,251,191,44,117,65,72,21,24
GTAGGCCAGCTGACC,7,0,624,1011,528,399,464,244,217,144,56,127,79,11,39,45
GTAGGTGCTTCGTGC,7,0,527,695,471,512,568,544,223,123,171,67,25,38,6,18
GTAGTCAGATCGAGG,3,0,105,34,324,140,131,221,502,1315,1724,2213,2074,1632,1299,1361
GTAGTTAAGGCTCAC,7,0,406,530,391,641,619,394,233,196,219,88,100,21,17,16
GTATACGGACCTCAA,7,0,866,950,944,1134,899,973,452,263,230,210,114,89,42,28
GTATCCTTCGAAGGA,7,0,1503,2125,1890,1893,2375,3039,2315,1701,1565,1117,994,568,288,316
GTATGACTACGGAAC,7,0,737,1070,505,790,751,580,494,372,263,389,308,284,199,202
ACACTTCAAACGGAA,7,0,710,665,429,648,640,546,269,185,194,97,66,64,20,24
GTATGTGGAAGATTA,7,0,1836,1365,1867,1455,1293,1261,613,497,368,259,125,137,104,58
GTATTTAAGAGACCA,3,0,300,145,177,169,270,230,550,1532,1616,2075,1730,1691,1442,1506
GTCACACTTTTAAAG,7,0,667,578,338,543,635,383,348,256,181,150,93,78,24,27
GTCATACATGGGGCT,7,0,1037,919,1245,931,908,545,379,295,148,189,78,61,38,39
GTCCATGATTGCCTC,7,0,732,1472,942,934,875,706,467,353,317,183,94,70,54,56
GTCCATTTAGGTGGA,7,0,2938,2489,3029,2263,2574,1896,1160,787,505,421,281,199,112,54
GTCCCCGTGACAGTA,7,0,753,517,445,647,486,375,324,341,130,108,64,70,27,24
GTCCGAAATAACGTC,7,0,1308,1600,990,1136,1043,827,560,254,405,203,115,74,62,46
GTCCGGGTTGATTAA,7,23,2630,3246,2302,2745,2302,2231,1719,1998,2013,2067,1672,1569,1146,1152
ACAGATGACCGCATG,5,0,61,83,94,273,301,812,902,690,536,430,272,197,108,88
GTCGCTCGAAATGCA,3,0,133,153,148,74,107,212,620,2108,2846,3391,2673,2738,2211,2374
GTCGGTGCGTACTAG,7,0,841,577,364,695,627,835,326,237,193,135,55,49,85,13
GTCTATGCATCATAA,7,0,735,919,345,590,555,596,257,217,231,97,170,50,18,11
GTCTCGGTACTCACA,7,0,730,1244,673,691,703,405,345,194,205,98,91,46,51,32
ACAGCGTAAAGCTTA,7,0,965,1090,606,643,666,351,202,140,201,104,42,39,43,14
GTCTTGACAAGAGGC,7,0,844,1168,596,917,740,890,389,250,253,235,103,88,60,56
GTGACTAGATATCAA,7,0,1291,1750,789,1194,952,918,615,419,329,262,97,116,63,22
GTGATAGGATGATAG,7,0,1216,558,750,927,888,612,402,326,193,159,80,69,28,9
GTGCAACGTGCTGTG,7,0,897,830,984,888,761,760,400,231,151,192,109,38,45,17
ACAGGGAACTGGAAT,3,1,189,522,379,955,1285,2142,2973,6125,10056,12532,12039,13092,10277,12011
AAAGACCGAACCCAA,2,0,403,985,589,602,2271,6172,5075,4909,4349,3926,2710,2625,2111,1963
GTGCCCGACGTGAGT,7,0,651,696,490,695,594,411,284,226,273,127,56,30,10,7
ACAGGGTCAAGCCGT,7,0,1962,2030,2614,1846,2163,1297,767,666,402,310,204,100,87,83
GTGCTTCCTCGACTT,7,0,1222,1090,1157,1068,1051,828,543,456,333,329,157,66,82,29
GTGCTTCGAGCCAAT,3,0,407,543,491,496,541,343,441,998,1387,1795,1208,1116,944,1063
GTGCTTGTAAGCAGA,7,0,555,528,289,573,486,632,251,238,151,101,67,73,55,43
GTGGAATATAGGGTG,7,0,3066,3529,2026,2802,2648,2445,1711,1553,1932,1917,1889,1458,1067,796
GTGGATGTATTTTAC,7,1,766,570,645,616,559,814,500,315,245,263,200,129,73,58
GTGGCATGAACAACT,7,0,642,614,206,408,521,507,301,512,224,165,86,79,51,25
GTGGGAGGGTTCGCG,7,0,1037,1321,1089,1061,940,903,511,471,275,175,91,78,28,29
ACAGTATTGTATTAT,8,755632,31,2,6,41,68,37,13,43,1,1,28,37,0,1
GTGGTGCTGAAAGAT,3,0,120,73,75,133,210,203,724,1433,1864,2174,1860,2058,1081,1377
GTGTAACGTTCCACT,7,0,512,1369,636,644,631,408,397,229,194,122,54,32,31,8
GTGTAGATGCTAGTT,7,0,719,568,551,727,511,415,213,176,290,121,56,72,26,8
GTGTCTAATGTGCGT,7,0,706,833,361,556,641,335,184,123,115,90,29,39,29,12
GTGTCTGCACTGGTC,7,22,6902,7407,7993,6959,6098,5521,3299,2487,1947,1930,1570,1010,680,734
GTGTGACGTAACATT,7,0,644,631,662,560,529,545,225,172,165,133,95,26,43,32
GTGTGATCTGATTGC,7,0,647,843,1091,575,846,657,384,257,234,86,105,44,25,12
ACAGTTGTGTATTCA,7,0,975,567,582,877,984,827,398,292,186,163,54,69,66,25
GTGTGGAGTGTCTGG,7,1,5181,5922,5313,5438,5376,4234,2461,1929,1397,1090,845,382,271,251
GTGTGGGTTTGACTT,8,41880,112,189,322,107,100,147,55,13,10,13,20,0,3,9
GTGTGTACAGTCCGC,7,0,823,477,907,734,625,644,401,235,193,108,105,59,57,28
GTGTTAGACCTGAAT,7,0,734,505,794,631,980,532,265,256,234,100,78,77,38,43
ACATAACAAGCGGTG,7,0,958,1144,1273,940,821,630,364,217,261,170,75,97,22,30
GTGTTGCAATAAGTT,7,0,768,520,504,457,434,477,264,212,147,94,38,41,18,13
GTTAGGCATTACGGA,7,0,1870,1511,1672,1547,1442,1258,641,414,487,273,188,122,50,98
GTTAGGTCTGTGGGA,7,0,823,705,379,589,605,426,215,171,124,146,71,25,38,30
ACATAGGGTGGCAGG,7,0,745,684,749,521,415,386,316,119,86,140,18,45,23,13
GTTATAGGAGGGCTA,7,0,960,524,473,771,656,604,360,172,162,183,132,61,49,15
GTTATGGCAGTAAAG,7,0,697,801,958,448,586,396,221,111,145,79,37,32,16,6
GTTATGTGTATGACT,7,0,1164,1129,822,939,739,684,488,596,670,620,550,290,391,286
GTTCACACCACGAGC,3,0,720,429,330,706,1285,1780,5270,12840,18438,20846,19025,16715,12289,12618
GTTCAGATGCACCGA,7,0,3107,4476,3014,2844,2708,2214,1245,1522,1026,977,660,736,412,430
GTTCATGTATAGGGT,7,0,411,361,709,364,342,373,161,193,146,203,211,166,74,60
GTTCCGGGAAGAGTA,5,0,562,599,376,733,1305,1681,2948,1945,1295,1511,1091,779,738,442
GTTCGCACCACGCTT,7,0,1519,1593,1609,1547,1709,1417,729,552,440,294,236,110,17,62
ACATCGACAGGCGGG,7,127,9782,12143,9759,9538,8267,7451,5399,6023,6466,7112,6190,5552,4042,4034
ACATCGTGGTTGAAA,7,0,737,940,652,595,529,476,305,189,96,66,50,88,28,43
GTTGCTGAGTACCTA,7,0,667,839,374,674,779,515,390,144,127,106,100,15,38,8
GTTGGAGTGGTTAAG,7,0,578,923,676,405,395,397,275,92,178,92,48,32,2,19
GTTGGATGTGTGCGG,7,0,1733,2587,1603,1542,1476,1582,798,496,428,446,285,197,72,215
ACATCTGTGATGTTA,7,0,1988,1979,2521,2106,1795,1679,943,773,608,502,251,143,58,51
ACATGATACCCCCAT,7,0,887,1004,822,575,500,347,315,174,181,129,95,58,68,8
GTTTCATAACGTCAC,3,0,374,351,217,298,246,589,1405,3544,4679,5718,5417,4667,3467,3637
ACATGGTATGATGTC,7,0,569,1211,496,603,522,490,265,101,225,96,88,30,17,7
ACATGTAGCGAAACT,7,0,955,896,345,608,526,660,317,273,328,115,105,44,55,54
TAAAACATGTAACAC,7,0,832,542,447,572,715,452,301,219,199,90,60,104,16,20
TAAAACCGACGTGCA,7,0,921,920,1071,845,834,701,381,362,145,95,116,80,43,15
TAAAATAAAGACGGT,7,0,632,563,537,488,507,444,175,225,104,79,22,56,35,5
TAAACATGCCCAATC,8,118943,169,337,179,269,6002,106,65,108,112,59,80,32,1,0
TAAATGAATTGGTGGT,7,0,534,697,1023,1322,1697,1069,729,620,517,300,127,120,82,73
TAAATTAGTTCTGAT,7,0,574,1105,683,633,660,503,201,167,164,109,41,40,67,28
ACATTCACATAAGCA,7,0,930,1204,1023,754,735,747,387,161,117,131,82,90,65,43
TAACGGGAAAGGTCA,7,0,1224,1746,1078,1129,1438,1070,667,607,366,185,187,102,41,92
TAAGAACGTTCAAGG,7,0,461,751,654,673,701,648,464,255,178,179,138,142,60,26
TAAGAGACTGGGGGA,7,0,2006,1717,1602,1696,1722,1383,706,495,346,278,197,109,62,68
TAAGCCGCGTGCGCT,3,0,291,591,441,416,303,401,478,967,908,1366,1374,962,744,863
TAAGTCGGTGGTTGC,7,0,733,819,1267,952,923,726,586,555,658,675,432,293,316,214
TAAGTGAAGGGACGT,7,0,2164,2038,1141,1483,1785,1242,628,482,538,317,91,89,32,108
TAATAGATTGCGAAA,7,0,749,1020,508,576,620,508,346,276,95,92,107,68,38,24
TAATGTTTACGGTGA,7,0,1080,973,1217,941,1022,591,324,331,134,211,114,41,20,13
TAATTAGGCTCCTCA,3,0,457,289,268,309,361,305,480,950,998,1166,1321,1215,863,719
TACAACGGAGCCTTG,7,0,844,515,568,758,791,564,426,228,218,112,131,51,26,35
TACACGAAGGTGCTC,7,0,691,1147,655,765,562,725,357,220,176,198,132,165,57,86
TACAGGTGTACAGAA,7,0,1213,1331,1252,850,932,648,447,254,189,119,100,57,45,58
TACCCATGGTTGTTC,7,0,591,1142,367,628,433,482,230,228,124,118,65,27,14,35
TACCGAGGCTGACAT,7,0,519,500,797,459,498,584,207,113,81,79,44,46,28,5
TACCGGAGGGTAGCT,7,0,994,945,725,968,809,614,383,280,384,412,256,246,151,212
TACCGTGCAGGTCAA,7,0,1124,1662,944,895,960,621,409,212,106,157,84,37,40,13
TACCTTCCTTGGTTA,7,0,687,829,566,552,461,456,288,188,306,81,53,24,32,37
TACGCGAATAGGGTC,3,0,19,44,66,15,55,140,875,2483,3630,4074,3841,3470,2671,2594
TACGGAAGCTTCCAT,7,0,613,533,542,566,561,420,272,154,134,130,87,41,38,9
TACGGACGACTGTTA,7,0,2191,2304,1817,1657,1741,1272,805,580,571,403,195,189,58,96
TACTCGGTTTTCTAT,7,0,484,686,677,478,526,407,175,193,121,114,48,43,11,17
TACTGGCCACTTGTA,7,0,2245,2054,2230,2578,2762,2318,1251,645,697,496,323,236,103,71
TACTGTCCATGCCGT,7,0,833,820,853,607,503,519,244,193,147,120,69,10,15,11
TAGACAACAATTATG,3,0,83,274,86,154,193,149,280,807,687,913,755,845,555,800
TAGAGTATGCGGACG,7,0,797,895,762,664,706,531,315,197,184,110,101,26,12,45
ACCATTTAGAGTCTC,7,0,43,153,1083,908,914,647,395,268,242,199,160,76,19,13
TAGATAATGCAGCAT,7,0,1113,1435,933,807,725,675,348,233,208,182,124,38,78,63
TAGATTTTTGCCTCT,7,41,4531,5126,4099,4076,4297,3519,2169,1162,1163,829,548,277,190,174
TAGCAACTGATGAG,7,0,945,1033,762,596,811,650,299,218,175,100,68,68,13,4
TAGCAGGTACGCAGT,7,0,534,1022,751,699,680,626,287,215,63,102,75,32,44,22
TAGCAGTTGTCGGAT,7,0,1417,1317,1290,987,974,1056,447,294,331,151,141,119,37,27
TAGCATCTGTTGGAG,7,0,633,1406,768,968,949,606,424,310,269,129,124,35,23,28
TAGCGAATGGCTCCG,7,0,1009,894,742,908,865,812,473,369,313,195,128,68,21,65
TAGCGTACATCGGCG,7,0,792,958,992,846,1002,491,364,304,272,104,106,73,80,33
TAGGACCCGAGATTA,7,0,440,612,595,508,519,616,237,151,139,77,42,28,15,41
ACCCCCAGGGTGTAG,3,2,320,277,27,205,453,1085,4778,14856,18238,23463,20661,17893,13754,14774
TAGGCGCCCATTACA,7,0,771,886,777,689,679,480,319,147,211,130,67,26,4,1
ACCCCTAAATTGGCA,7,0,701,662,414,556,588,511,261,166,94,82,114,105,33,66
TAGGGGTACTGTATT,7,0,998,936,967,941,917,806,371,330,304,148,120,42,35,29
TAGGTGGTTATAAAG,7,0,891,836,872,711,807,859,411,195,248,153,83,39,62,16
TAGTAAGGCCCAGCG,3,0,94,78,1,88,156,215,493,1493,1968,2285,2091,1776,1494,1462
TAGTACGGCCACTTG,2,1,116,365,504,1224,5746,26286,89336,141454,234572,171694,147633,100287,67567,56353
TAGTATCGCGTCTAT,7,0,676,832,804,476,425,337,238,203,97,52,25,19,19,26
TAGTGCCAAATATTG,7,0,805,927,1225,807,931,713,407,295,99,137,127,4,36,50
TAGTTAGTTGGTAGC,7,0,763,827,992,464,482,446,213,152,131,79,36,39,12,10
TAGTTATATTAGCCT,1,0,134,1,142,188,170,182,261,442,499,753,584,640,401,552
TATAAATGGTGGCTA,7,0,1306,1405,893,864,1046,782,430,262,195,163,102,32,31,44
TATACGACGGGTTTG,7,0,749,1117,518,868,638,682,392,237,134,124,108,106,10,37
TATAGAACTGCGGAT,7,0,701,971,468,487,477,520,224,80,66,73,23,41,51,37
TATAGAATCGCTTCT,7,0,1090,1013,1059,995,934,842,571,375,276,212,114,34,50,25
ACCGAAGTGCCTCTA,1,1,12,0,75,25,53,65,322,1129,1012,1638,1180,936,788,672
TATAGGCCGATTACT,7,0,1045,1113,1584,1129,1017,897,532,424,255,210,159,49,74,41
TATATCCTATTCAGA,7,0,397,521,480,556,603,478,403,387,247,230,109,94,27,21
TATATCGTGTAAAGG,7,0,777,875,728,767,636,669,357,253,306,99,50,102,31,9
TATATGCGATTTGCC,7,0,369,1107,553,447,485,367,205,145,137,95,79,93,27,10
TATCACCCCGTATGT,3,0,240,330,243,316,305,297,443,755,793,1262,897,838,499,600
TATCACTCATACAAC,7,5,1057,1715,1313,1199,932,733,544,333,250,162,144,113,23,8
TATCGCGTGGAAACT,7,0,397,478,824,613,611,545,323,218,168,89,42,67,31,11
ACCGATGTAGGAATC,3,0,6,80,38,77,73,140,501,910,1196,1456,1405,1489,946,879
TATGAAAGTTACGAG,7,51,828,1175,1163,808,846,708,365,205,229,105,74,33,35,4
TATGGTCTATGTGTC,3,0,1122,900,823,1021,906,781,817,1353,1899,2135,1774,1598,1088,1394
TATGGTGAAACATTT,3,0,610,605,567,578,789,1197,3045,8932,11241,12806,10979,10618,7734,8855
TATGTTCGAGGGACG,7,0,657,420,711,697,499,345,284,83,208,107,49,86,54,2
TATTCAAAATATCG,7,0,1141,1917,1404,963,933,774,496,347,235,176,165,80,56,34
TATTCTCGGGCCGTA,7,0,813,760,144,603,591,683,306,181,172,144,101,109,28,17
TATTGGCACACGATT,7,0,796,1366,483,725,902,783,394,191,202,107,161,64,34,27
TATTTATTCTCCGTG,7,0,118,384,477,349,595,520,314,297,201,163,137,123,101,54
TATTTTAGAGGGCGC,7,0,1358,1778,1033,1188,1372,1158,580,384,204,188,105,98,50,38
TATTTTGTCTGGTAG,7,57,4081,4159,3741,3682,3839,2913,1636,1108,871,742,456,202,165,154
TCAAAGCGTCTTTGT,7,0,912,1168,867,718,686,650,274,232,135,153,81,62,42,14
TCAAAGGTTGGTGCT,7,0,1218,1120,880,755,939,542,353,298,280,99,121,73,48,21
TCAAATCAACTGGAA,7,64,611,1029,459,771,697,661,307,255,70,117,133,53,16,13
TCAACTCTATGGAAG,7,0,809,784,1153,731,807,422,287,211,231,112,69,80,51,22
TCAAGGACATTCTCA,7,0,568,491,783,735,649,511,293,290,241,148,79,68,13,25
TCAATGCACCTCCGG,1,0,30,1,161,129,278,365,1765,5099,6452,8743,7264,6689,5137,6152
TCACTGCAGGTATGA,7,0,943,392,287,727,563,486,257,227,140,175,56,36,25,24
TCAGACAGTCCGTGC,4,0,848,2297,3132,4238,5270,7697,6283,5057,4457,3387,2312,1405,1207,737
TCAGCAGCTTGAGGG,7,0,723,601,875,392,514,520,217,175,36,99,60,15,19,19
ACCGTGGGCGGTACA,7,0,649,849,591,424,559,697,233,118,111,88,91,52,37,13
TCAGTTGGCCCTGAA,7,0,623,889,721,513,489,506,229,136,175,75,73,55,1,15
TCATAATCGGCCAAG,7,0,1103,1733,1662,1296,1337,1229,506,336,210,235,129,62,35,52
TCATAGACTACGGCC,7,1,1795,2050,2065,1816,1768,1414,803,481,391,317,294,172,72,87
TCATATGGTGGAAGA,7,0,806,932,562,755,661,485,249,305,123,125,95,24,24,30
TCATCTCACATTGTT,7,0,3135,3001,2972,2599,2743,2313,1162,724,658,453,320,272,115,98
TCATGGCGATTGAGG,3,0,67,150,86,65,62,156,416,899,1744,1815,1858,1956,1266,1137
TCATTCGTGTAGGTA,8,45259,496,1167,1180,1978,3053,4047,3667,2760,2369,1831,1446,900,695,501
TCCACTACGATAGCC,1,0,1,2,73,9,31,114,184,739,805,860,981,853,478,502
TCCAGGAAATACGAT,1,0,54,2,113,33,80,74,217,693,722,1007,750,661,681,627
TCCATGAGTCATGAA,7,0,699,721,807,590,547,561,418,228,381,158,131,35,80,13
ACCTCACCGCGAACT,7,0,1029,1397,992,970,1089,844,484,266,181,163,180,92,50,26
TCCCCCCGGTGTTTG,7,0,653,383,510,567,520,416,305,202,218,123,78,59,37,31
TCCGAGTTTGGTGTG,7,0,610,903,466,620,610,597,285,210,156,74,52,49,28,12
TCCGATGTGGGTGCG,7,0,889,916,532,577,677,462,243,194,119,98,65,38,20,4
TCCGTAACGAGGATT,7,0,2677,3003,2059,2344,2293,2144,1123,750,772,456,278,111,146,102
TCCTAAAACTAACGT,7,217,3857,3641,3438,2976,3244,2710,1419,917,769,611,319,259,178,190
TCCTGTAGGGTTCTG,7,0,978,988,846,1047,893,676,336,265,156,195,121,97,49,37
TCGACACCCCTGCAG,7,0,2343,3026,1994,2734,2056,1617,961,982,694,449,347,176,133,83
TCGAGGTATGGCCCA,7,0,1235,714,747,863,882,689,401,287,196,188,136,36,48,16
TCGATGGACACCTGA,4,0,183,312,271,401,463,605,466,460,336,302,264,155,78,70
TCGCTCTGCGAAGGG,7,0,1136,851,679,875,849,529,417,178,365,158,69,90,60,87
TCGGCTCAGCATAAG,7,0,468,287,777,686,680,431,353,107,106,145,100,38,19,25
TCGGCTGCTTCAGTA,7,1,924,1280,1367,1156,1116,913,449,307,207,230,90,77,28,40
TCGGGTTCACCAGAC,3,0,305,341,225,518,747,809,1038,987,1877,3346,2294,2055,2452,3092
TCGTAACTAAGGCTT,4,0,340,519,810,720,996,1534,1199,941,716,590,341,243,181,147
TCTACTGAGAAAGTT,7,0,863,763,554,661,629,558,337,232,238,106,125,58,39,49
TCTACTTTGATGTAC,2,0,226,306,123,722,1137,1565,1900,1413,1069,1263,1115,777,582,363
TCTAGATGCATAATG,7,0,552,657,777,527,454,409,220,173,136,91,65,40,23,14
TCTAGGAACTGATTA,7,0,985,1269,1053,919,930,518,403,331,302,204,84,58,31,40
TCTAGGAATTAGATA,3,0,99,256,43,59,64,123,518,1260,1426,1917,1457,1050,967,1190
TCTAGTCAGCTGTGA,7,0,1484,1624,1245,1466,1328,1193,572,388,299,240,120,106,44,53
TCTATGCCCCAGCAT,7,0,1007,1011,953,1048,927,964,542,245,161,208,149,92,40,57
TCTCAATGTTTCATA,7,0,4158,4900,3910,3990,3847,3304,2040,1433,1225,768,503,364,222,123
TCTCAGGAGATCACA,7,0,435,783,385,634,564,267,330,142,55,74,103,64,19,24
TCTCGAGCTATTGAC,7,0,382,685,779,539,575,439,232,226,225,76,75,55,37,4
ACGACAGATGGTACC,7,0,578,736,1073,625,828,513,341,262,182,168,84,47,20,19
TCTGTCGGTGTTGCT,7,0,681,844,875,695,528,523,224,210,103,126,75,45,24,16
TCTGTTAGGCTCTGG,7,0,664,498,610,794,530,456,265,147,150,71,74,76,60,15
ACGAGAACGCACGCG,7,0,1670,1828,1674,1826,2316,1397,890,513,366,288,213,115,38,94
TCTTGGGCCGGGCGG,7,0,649,668,623,551,569,558,194,189,120,75,50,64,34,5
TGAAAGCGCAATGAT,6,0,1,10,1932,1614,1655,1251,728,454,466,246,149,35,62,7
TGAAAGGAGGACATA,7,2,2020,2341,1973,1946,2292,1844,949,902,487,521,507,272,158,149
TGAAGAAAAATGGTG,7,0,1395,1416,1036,1148,1523,1118,789,515,388,234,126,124,104,54
TGAAGCGCCGAACGG,7,0,430,599,765,665,465,409,278,239,118,157,30,29,8,1
TGAATATTGTCTTGC,3,0,458,223,484,301,425,298,331,748,892,1027,788,900,675,493
TGAATGAATCTAGAT,7,0,747,659,631,665,701,204,275,267,132,137,72,69,29,11
ACGAGGCGACAACTT,2,0,42,144,94,248,355,528,1019,779,629,966,1041,819,465,384
TGACATCACCCTATC,7,69,570,592,496,650,715,484,285,228,146,106,54,53,17,31
TGACCAGTTTGTGCG,7,0,411,510,406,421,365,299,204,273,206,289,215,124,120,141
TGACGAATGACTATA,3,0,315,217,227,250,240,452,1448,3378,4596,5299,4827,4065,3056,3368
TGACTGAGCAGACGT,7,0,1099,621,284,822,909,617,349,206,274,147,73,115,20,25
TGACTGGACACATG,7,0,969,961,1178,700,609,627,364,314,226,166,69,20,18,17
TGACTTTGCGGATAG,7,0,2659,3213,3058,2442,2330,1835,1006,857,465,433,203,211,72,50
TGAGAAGAGGGACAC,7,0,822,571,611,714,743,567,418,294,326,183,76,18,13,18
TGAGAGTAGATACAG,7,0,524,593,611,442,582,460,230,177,231,108,15,31,18,12
TGAGCGGGTTACCCA,7,0,1133,1104,797,832,643,630,390,277,147,122,91,72,66,31
ACGATATGTTCGAAA,4,0,105,417,691,950,1630,1715,1656,1321,954,944,557,433,292,264
TGAGGACTGAAAAGT,7,0,3415,3236,2520,2898,3044,2804,2184,1599,1691,1258,761,498,456,262
TGAGTAATCCGTCTA,7,0,610,890,465,570,545,338,210,151,208,130,53,37,26,1
TGAGTCAGTGACAAGT,7,0,543,558,567,665,525,649,285,180,248,110,77,20,1,29
ACGATGGAGCCGGGT,7,4,1350,1375,1300,1274,1134,934,529,366,105,211,145,95,48,10
TGAGTTGGGTCATTG,7,0,731,769,467,654,583,546,202,135,142,98,87,46,55,26
TGATAGGATAGTTCA,7,0,590,533,422,482,618,400,285,117,116,158,80,45,19,8
TGATAGTCAGGCGAC,5,0,144,222,269,191,268,531,549,383,418,355,306,248,181,155
TGATGTTGTCAGAAA,7,0,897,996,1510,1115,1132,1030,564,360,201,301,116,173,48,29
ACGCAAGCTCAGCAG,7,0,864,1064,403,748,1005,568,342,164,155,155,108,62,20,53
ACGCAAGGTTGGCCA,7,0,887,937,1213,785,676,565,261,257,206,139,89,40,16,49
TGCAAACCTTACACG,3,0,271,387,384,339,326,440,1039,2708,3302,4021,3550,3254,2331,2358
TGCAAATTGAGTGTC,7,0,1471,1964,1308,1430,1373,1352,681,501,296,255,157,72,56,85
TGCAAGACTGTGACG,7,0,1620,1772,1317,1577,1516,1414,806,430,545,341,234,97,100,51
TGCAGGCTAACTGAC,7,0,632,987,575,454,455,334,387,109,32,67,51,25,28,13
TGCAGGGGCGGTAGA,7,0,691,950,838,608,554,605,236,170,118,153,41,36,53,31
TGCAGGTGGGTTAAG,7,0,534,699,307,497,486,260,234,262,300,269,205,232,121,135
TGCCAGATCTCGCGT,7,0,1141,1303,935,757,919,515,371,237,287,152,114,79,37,38
TGCCAGCTCTAGGGG,7,0,10761,12994,11926,11764,10090,9526,5972,5285,4933,3929,3241,2041,1296,1617
TGCCATTAAGTATTT,7,0,674,712,496,544,627,375,219,190,143,87,70,90,28,19
TGCCCGTAAGCATGA,1,3,1,11,73,189,1560,5538,26527,77010,101627,125062,116063,94852,73774,81011
TGCCGGCCAGAGTTC,7,0,1641,1989,1241,1650,1415,1101,696,442,632,261,123,80,75,43
TGCCGTGCCTTAGCT,7,0,541,853,416,641,680,376,321,182,165,154,105,138,65,41
TGCCTAGGCGGGTTG,7,0,304,275,1234,1591,1223,1055,558,264,306,273,189,126,79,74
ACGCCTGATTGGCCC,2,0,28,1,3,535,1568,1963,3355,2799,1919,2277,2312,1419,956,604
TGCGTCAAAGGACTC,7,69,3570,3168,3564,2834,2785,2404,1201,706,620,485,383,183,138,143
TGCGTCCAATCATTT,7,0,681,755,616,708,613,601,210,189,170,167,80,18,85,1
TGCGTGTGGGATCAA,3,0,199,181,230,217,219,169,259,349,731,687,728,524,358,425
TGCTACTGCGGCAGG,7,0,723,734,380,639,542,382,251,186,320,176,266,192,39,103
TGCTAGTATGCCTCT,7,0,467,355,690,763,681,893,283,185,221,90,90,78,65,18
TGCTATCAAAGGGGT,7,1,1473,1501,1690,1211,1378,1239,597,439,345,200,113,67,37,41
TGCTGACACCTGCGT,7,0,1201,768,522,967,637,819,355,223,109,128,122,30,14,41
ACGCGGCACTAATTG,7,0,2476,3312,2176,2261,2307,1988,1144,881,392,500,318,299,124,76
TGCTGTTGGTCTGGC,7,0,637,676,842,589,681,518,289,210,168,134,87,57,27,21
TGCTTACCAACTGTC,7,55,3006,3059,2686,2944,2819,2314,1363,991,943,439,349,179,125,104
TGGAAAGGTTCACTT,7,0,1492,1322,1117,1254,1238,866,538,320,349,232,143,93,50,42
TGGAAGCCACCCTCA,7,0,548,1064,704,339,452,425,224,183,129,68,34,10,12,13
TGGACATCGTGAGAG,7,0,2967,3737,2737,2765,2832,2960,1671,2234,2156,2124,2071,1466,1230,1375
TGGAGGTGGTTCAAC,7,0,782,993,558,714,568,473,399,409,509,583,342,328,296,229
TGGATGGGTTGCTAT,7,0,691,664,468,661,592,572,348,186,228,125,110,32,40,20
TGGCACCCCACGGTA,7,0,825,1490,846,863,928,856,403,190,302,184,64,72,32,32
TGGCACCTTCGCGCG,7,0,714,728,786,706,610,451,390,250,174,143,46,54,13,17
TGGCACTATTGATGA,3,0,312,315,339,334,413,272,587,1288,1908,2330,1818,1557,1272,1459
TGGCGAAACGTAGTC,5,0,265,245,211,764,1307,1517,1985,1557,1165,1157,859,504,433,305
TGGCTCAAACTCTTT,7,0,1169,1516,984,1018,1090,742,559,250,213,174,112,178,72,92
TGGGAATGACACTCC,7,0,654,890,356,575,620,448,278,321,267,126,54,47,42,27
TGGGACGCGGGAGTT,3,1,152,103,134,311,448,747,3119,9097,14359,18318,16257,16400,13362,15161
TGGGATTCGCTACTT,7,0,966,1373,838,886,880,688,384,301,340,138,89,55,38,25
TGGGCAGAAGTATGA,7,0,403,721,297,508,650,523,239,286,135,169,79,55,31,40
TGGGGAGCGCGCAGG,7,0,399,343,949,561,433,557,271,101,81,160,123,25,20,48
TGGGTCCAATTCTAT,7,0,723,905,1054,771,670,593,412,229,187,245,124,55,52,33
TGGTAATCTAAGCCT,7,0,509,1019,283,510,354,237,293,57,210,139,93,87,61,15
TGGTAGCCCGAGATC,3,0,143,209,32,155,115,47,158,417,432,593,619,602,332,387
TGGTGAAATGAGACA,7,55,7476,8112,6970,6990,7089,5857,2831,1726,1509,1201,735,522,304,294
TGGTGTGACGATGAT,7,0,469,605,716,565,600,462,339,190,236,121,134,83,64,14
TGGTTAGATGAGCGT,1,0,133,1,131,41,50,103,213,687,926,1012,825,838,557,557
TGTAAGGACGGAAC,7,0,973,1155,1275,1074,923,963,465,336,326,113,91,77,32,49
TGTAAGTTCTAACAT,7,0,4884,4811,4616,4738,4488,3847,2163,1636,1255,718,591,348,273,135
TGTACAACACAGGCG,7,0,664,1292,608,771,534,416,228,220,141,124,105,83,60,58
TGTACACTCGTAGGT,7,0,1555,1406,1190,1391,1220,1162,525,560,458,231,166,144,51,54
TGTACCAGCCCAGAA,7,0,792,426,508,512,528,475,224,245,181,59,66,28,14,31
TGTACTGCCCTAGGT,7,0,438,525,874,466,557,358,262,116,117,71,38,47,15,13
TGTACTTTGTCACGA,7,1,2902,3636,2468,3005,2694,2093,1368,885,817,463,302,135,141,159
TGTAGAGTTAGTCTA,7,0,585,648,736,652,526,501,315,267,215,97,35,39,23,28
TGTATAAGTGGGTGT,7,0,2503,3523,2029,2295,2281,2273,1117,786,509,465,259,182,111,43
TGTATACATTGATAG,7,0,769,884,1142,697,710,463,275,325,185,128,60,76,39,29
TGTATGGTGAATAAA,7,0,652,425,252,547,669,679,352,224,244,113,90,141,65,64
TGTCACTCCGTAGGG,7,0,805,1500,782,1007,1009,544,456,420,108,193,55,88,21,53
TGTCGGTACGTGAGC,7,0,2521,3497,2687,2686,2449,1361,1077,628,697,413,265,281,91,142
TGTCGGTTTAGTAGA,7,0,641,1060,822,624,593,551,356,217,116,105,67,53,37,20
TGTGAGATCGGCGGC,3,0,163,135,29,92,161,140,589,1614,2136,1923,1785,1859,1575,1564
TGTGGAGATATCCGT,3,0,194,216,71,170,224,231,384,563,934,1083,820,678,514,646
TGTGGCTTGTAGGTA,7,0,798,887,1117,796,725,469,319,270,100,111,84,43,30,21
TGTGTGATTAACGGT,7,0,811,1140,777,946,863,819,353,236,237,165,77,75,53,18
TGTTGTTGCCAGGAC,7,0,665,655,447,544,668,380,187,136,89,109,73,51,26,29
TGTTTCGCATCGCTG,7,0,671,395,449,626,537,322,188,180,191,156,102,47,82,95
TGTTTGCGGGTTTTA,7,0,604,480,732,563,562,461,280,112,92,84,67,36,27,6
TTAAATTGTACGAAC,7,0,791,504,540,610,630,551,325,267,269,141,132,64,40,38
TTAACCATTACCATA,7,0,539,1051,1011,673,595,603,346,255,144,73,104,68,26,27
TTAACGTGGTTCTTA,3,0,344,319,503,281,412,430,578,1592,1675,2068,1830,1576,1204,1386
TTAAGGAGCTAAGTC,7,0,843,883,610,730,628,619,312,255,72,94,93,37,19,18
TTAAGGAGGGCGACC,5,0,214,163,343,405,1458,1198,1344,957,755,876,576,436,278,184
TTACATATAGCAATG,7,0,930,776,537,806,508,413,324,259,185,138,82,36,57,17
TTACGCGATCTTAGT,7,0,875,1293,500,729,702,621,333,147,120,107,53,24,19,9
TTACTCTGTACCAGG,7,0,867,1359,671,933,962,795,517,283,172,128,85,20,81,27
TTAGCCCCTTGAGAG,7,0,1357,1228,1951,1483,1735,1129,607,574,458,288,180,45,95,39
TTAGGACGTTAGTGG,1,0,51,1,114,67,64,40,405,813,1187,1659,1733,1547,1010,1082
ACGTAGTTATCGAAC,3,0,197,345,196,195,288,163,379,1094,1170,1447,1417,1253,796,840
TTAGTTCGCAGATCA,7,0,856,657,542,603,668,564,265,166,178,154,100,50,24,41
TTATTTCGGTGTTCT,3,0,295,366,367,277,308,304,412,839,1010,1368,1035,1113,625,919
TTATTTGGTGCCATT,7,0,642,950,789,728,694,538,361,135,279,105,83,104,56,5
TTCAAGCAGCGAGGC,7,0,1338,1291,1225,988,1235,983,452,354,314,204,86,83,20,53
TTCACCGCCACGCTT,7,0,1850,2165,1797,1378,1182,1147,461,510,262,230,204,72,34,94
TTCAGAAGGAAAGCG,7,0,524,640,554,492,592,518,245,151,123,119,57,24,18,11
TTCAGATCTATACAA,3,0,152,71,11,67,128,116,612,1549,2084,4439,2262,1860,1401,1428
TTCAGCGAATAAACG,7,0,658,874,676,487,374,582,259,212,104,98,100,19,8,16
TTCAGGGACACGAAC,6,0,33,80,1446,1439,1294,1362,835,388,525,649,454,250,209,117
TTCAGTATAGTCCGG,7,0,628,582,613,645,654,448,286,162,226,116,80,41,15,10
TTCAGTGCGTTGGTA,7,0,1115,1737,1086,971,974,597,510,216,310,166,138,93,45,52
TTCATGCAGTGGATC,3,0,33,1,1,35,39,133,367,1015,1698,1590,1358,1320,946,1062
TTCATTACCCGCTGA,6,0,62,6,1570,1241,1067,735,414,331,261,168,166,76,44,34
ACGTGAATAGGGATA,7,0,2628,3047,2383,2637,2509,2055,1331,774,608,503,335,159,115,105
TTCCGTAGAGACCAG,7,0,670,900,766,592,513,432,292,201,235,110,62,28,4,6
TTCGACAAGAATGCA,7,0,612,708,423,393,638,442,277,198,150,109,73,40,34,24
TTCGGAAGACGCTGT,7,0,731,915,328,879,928,570,343,218,186,219,123,78,59,85
TTCGGAGGTGTCCCT,4,0,256,338,318,885,983,2055,1520,1197,1226,840,605,287,317,220
TTCGGCAACCTCTAC,7,0,649,627,500,494,425,457,217,138,142,83,62,58,31,10
TTCGGCCTGACCTCT,7,0,492,675,672,508,461,387,195,119,155,77,87,48,1,50
ACGTGGTACCTAAGG,7,0,883,1421,1222,1056,931,533,531,212,195,162,172,48,54,35
ACGTGGTGTTATATT,3,0,26,128,62,50,39,28,203,608,777,912,770,631,467,588
TTCTAGAGTTAGGTT,2,52,281,348,153,321,873,1073,2017,1445,1340,1794,1911,1190,769,486
TTCTGAGTGAACAAT,7,1,682,635,582,738,768,508,264,189,305,145,123,59,59,51
TTCTTGCGAGCGTTC,7,0,857,803,1327,1166,994,900,450,485,261,186,89,114,31,27
TTGAAACTCTCCGGG,3,0,48,150,72,58,215,367,1510,4479,4518,5729,4869,4513,3312,3388
TTGAATCTTGTTGAA,6,0,1,4,1293,915,923,709,506,259,212,163,89,135,41,72
TTGAGGACAGGAAGA,7,0,786,398,632,565,750,672,349,213,143,132,75,70,36,26
TTGATAAGGCCTCGG,7,0,721,999,986,781,770,531,376,193,249,139,65,91,15,25
TTGATATGCTCTTAG,7,0,982,783,690,750,765,589,273,201,242,142,80,24,37,12
TTGATTAAACGCCAA,7,0,913,636,628,683,706,677,422,233,273,165,83,33,55,13
TTGATTTACCTTAAT,7,0,636,579,607,783,693,662,319,260,194,154,94,13,40,28
TTGCACGCAAAATGC,7,0,1495,1934,1487,1079,1281,751,470,300,333,126,142,34,41,36
TTGCCAAGATGGG,7,0,1148,1561,821,1215,1131,893,696,778,771,667,593,394,310,261
TTGCCTCGCTAAGCT,7,0,817,1253,648,665,560,400,252,161,183,88,80,80,29,15
TTGCGCAGCAAAATA,7,0,886,1763,1037,862,879,779,247,278,282,154,61,97,57,33
TTGCGGAGTAACCAA,7,0,1188,1511,1222,1150,1330,739,509,367,237,193,149,101,47,23
TTGCGTACGTGGGAG,7,0,787,998,575,628,645,524,224,209,87,192,55,38,60,4
TTGGAGCACGAATTA,7,0,909,833,938,750,712,742,295,262,246,149,80,39,47,30
TTGGAGCGTGCTGGG,7,0,3603,4437,3766,3496,3422,2363,1337,854,818,531,371,376,146,126
TTGGATGATTCCCCA,7,0,332,496,386,624,621,787,531,482,320,189,160,136,73,54
TTGGCGACAAAGTTT,7,0,653,769,635,598,421,431,264,61,147,114,38,67,26,21
TTGGTGTCGAATGAT,7,0,1054,1409,640,913,817,588,522,412,369,452,383,310,144,251
TTGGTTGACTACATT,3,0,374,383,210,321,338,720,1845,5727,6701,8101,7726,6188,4867,5123
TTGTAAACGGTCCCG,7,0,787,864,1785,1277,1178,1155,641,375,235,255,186,96,75,50
TTGTAGTCTATCCCT,7,0,633,1482,593,681,687,528,296,235,167,138,30,36,16,17
TTGTATACGTAGCAG,3,0,12,86,100,33,32,46,473,1539,1559,2247,1833,1571,1314,1340
TTGTCTGCAGGCTAA,7,0,1046,1142,901,843,801,423,415,169,150,113,94,63,29,41
TTGTGAGTTTGTGAT,7,0,960,975,883,707,787,543,376,180,260,117,72,99,15,27
TTGTTCAGCAAAGAT,7,0,860,303,650,568,475,683,244,285,113,99,71,11,46,31
TTTAAACTAGCGGGC,7,0,1112,1337,1021,1065,1310,963,523,326,304,279,167,84,21,50
TTTAACAAAGTGAAT,1,0,111,1,98,70,162,261,1259,3683,4826,5837,5009,5291,4125,4614
TTTAACGGGGTCGAA,7,0,1556,1752,1621,1718,1820,1428,875,515,398,248,163,115,60,47
TTTAATGCTAGGAAA,7,0,4328,4647,3981,3135,3619,3059,1588,1404,799,585,380,280,167,88
ACTACTGGGGATCTA,3,0,152,462,3,136,254,336,384,707,1040,1007,1281,937,639,568
TTTAGTGTGCTTAGC,7,0,582,745,746,443,456,473,236,101,136,78,69,63,15,8
TTTATCCGCGCAGAA,7,0,661,580,324,612,594,411,252,172,181,73,104,13,25,15
TTTATTAGGCGTGCT,7,41,642,412,532,411,410,365,241,268,237,179,80,130,99,88
TTTCACGAACACTTG,7,0,799,429,687,950,1010,798,434,317,259,225,115,58,39,2
TTTCGAATTAGAGTT,7,0,800,751,519,516,561,498,299,220,148,72,48,50,37,24
TTTCTCTAAGATAAT,7,0,1818,1951,1728,1507,1701,1299,809,497,451,313,236,160,101,58
TTTGACAGGGGATTA,7,0,2967,2966,2817,2605,2373,2412,1271,915,387,473,333,183,137,95
TTTGAGGGTGTCTCG,7,0,463,738,552,551,535,374,318,207,193,82,55,43,38,12
TTTGATGAGTGGCAT,7,0,757,1028,815,787,838,623,300,216,176,179,117,73,11,29
TTTGCTTATTTAAAG,7,0,1025,827,571,722,858,713,385,275,191,155,64,72,45,42
ACTATCGCACCAGTT,7,0,836,499,742,755,658,717,312,281,185,165,68,112,44,17
TTTTATAGGATAATG,7,0,929,843,967,761,761,713,363,343,292,145,96,53,32,24
TTTTCAGGCATTAAA,2,0,2003,3483,5446,6733,10448,15776,13851,12427,13052,11067,9164,8782,6816,5982
excluded low count,7,241,4224,4994,3907,8101,4394,3272,3010,1418,1112,1414,775,584,426,449
ACTGAAGGTAGGCCT,7,0,674,1018,383,762,590,650,348,215,196,107,70,69,40,32
ACTGACGCTGATAGG,4,0,45,105,164,422,772,925,910,841,489,527,284,234,98,131
ACTGATTGTGGATGC,7,0,1260,2068,1500,1550,1463,1342,672,441,388,315,171,73,45,55
ACTGCTACGTACGGG,7,0,832,966,1058,855,731,540,433,530,407,357,319,111,63,77
ACTGGATATAGGGGG,4,0,150,342,438,256,431,658,510,400,337,244,160,143,98,62
ACTGGATTCACAGTC,7,0,1526,1840,1035,1491,1572,1548,658,516,265,384,164,95,46,50
ACTGGGGCGGATGGG,3,0,1090,1510,1651,1162,1016,1039,1200,1952,2503,2708,2430,2203,1758,1879
ACTGGTGGTAGGGGA,7,0,819,726,1358,889,900,853,442,316,180,262,63,46,17,36
ACTGTCTGGATCGTT,1,0,65,1,134,2,48,210,895,1794,3072,3590,3375,3126,2303,2210
ACTTATAATGAGTAT,7,0,958,641,537,789,754,909,390,255,206,128,102,40,68,12
ACTTCTGGTAACTAC,2,0,267,211,502,549,1747,2623,3589,3230,2619,2422,3135,1574,1314,695
ACTTGGTTCGTGTAA,7,0,1065,934,777,1193,1015,724,582,378,293,159,157,83,7,16
ACTTTAACATAGGGA,7,0,809,892,608,707,914,667,384,223,163,201,169,101,40,11
ACTTTCCTGCAGTGT,3,0,157,152,148,254,219,210,179,493,537,706,678,734,395,375
AAATAACAAGAGCGC,7,0,981,808,839,588,626,623,232,181,139,111,44,68,39,58
AAATAACGGTGTGGT,7,0,891,856,341,737,683,531,307,163,121,129,65,54,20,13
AGAAACGCCTTCGGT,2,0,191,84,38,7483,15964,7268,13023,13218,9096,5633,3914,3230,2019,1666
AGAAGGTATATAGA,7,0,678,833,374,468,467,515,275,215,180,94,77,23,26,48
AGAAGTTGTGCCGTA,7,0,966,585,974,891,656,668,311,242,264,150,59,14,22,14
AGAATAGTTGCGGCT,7,0,525,541,775,636,533,543,173,304,281,60,96,43,25,20
AGAATCGCCGGACGG,7,0,578,1036,498,437,505,480,307,209,92,91,39,33,7,16
AAAACCGGTTTGGGG,7,0,942,900,733,738,879,851,463,308,195,180,61,68,44,22
AGACGCGCATAGAGT,7,0,1083,761,832,1169,1252,1066,539,411,205,227,149,133,109,62
AGACTAGAATGGCTA,7,0,613,922,488,594,468,525,277,135,169,115,36,6,22,12
AGAGCAGCGATAGGA,7,0,523,458,850,766,690,444,400,113,129,123,79,66,31,2
AGAGGAGATGAGATT,7,0,898,607,617,601,614,438,276,293,189,129,42,38,10,24
AGAGGATTCCTCTAG,7,0,599,660,495,521,682,380,259,114,165,76,37,71,38,6
AGAGGGGTTTTCAGA,3,0,326,390,430,270,221,391,579,826,1371,1546,1173,1240,922,1058
AGAGGTAATTCGAAG,7,0,701,959,987,621,580,547,326,193,137,100,125,93,15,27
AGAGGTTTGTAGGGC,7,0,1662,1832,1577,1602,1588,1602,799,458,383,303,209,167,75,50
AGATCGGATGAACGA,7,0,962,913,479,740,713,574,376,475,237,118,100,70,26,29
AGATCTATATACACG,7,0,822,878,690,702,649,547,389,236,201,100,49,31,48,34
AGATGGTCTAGTGAT,7,0,948,1369,882,973,943,769,425,355,163,184,98,119,70,75
AGATTCACTGTAAAA,3,1,1651,1409,1072,1300,1382,1786,2504,5247,7049,8580,7156,7160,5419,5900
AGCACCACTCGTGTG,7,0,920,1188,566,923,853,647,310,267,227,221,110,92,23,10
AGCAGGACTAGATGC,7,0,636,745,494,516,478,561,202,161,79,63,30,16,30,9
AGCAGTTGTGTAGAA,2,0,129,276,324,1336,1961,2016,2100,1569,1645,1528,1408,1370,1322,1416
AGCCGAGAACTGCAA,7,0,1045,1283,1665,806,812,605,359,247,113,157,94,48,37,33
AAATGCGCGGTCATT,1,0,20,3,92,22,97,379,1388,4488,5123,6780,5501,5455,4234,4604
AGCGGTGAGAATTAC,7,0,641,631,632,533,509,344,266,123,48,97,34,63,47,19
AGCGGTGTCGGACAC,7,0,1180,689,793,752,527,658,333,189,108,147,78,66,40,21
AGCGTCAGGGGAGGG,7,0,659,1064,532,671,648,414,243,196,144,100,94,16,58,32
AGCTCGGAAATTTAT,7,0,621,880,709,569,535,816,351,237,208,173,44,64,28,36
AGCTCTCTTGCAGCA,7,0,587,692,731,647,785,480,290,199,133,119,81,124,47,23
AGCTGACTAACCCGA,7,0,1959,1809,1605,1289,1251,977,484,397,302,313,162,112,21,91
AGCTGCTGCCGAAAA,7,0,1143,953,492,815,750,579,458,192,194,151,66,52,32,26
AAATGTTCATTGCCC,7,0,867,1179,748,964,1008,822,431,297,240,173,65,35,21,37
AGGAAAGCATAGTGT,7,0,1165,872,990,772,878,476,370,187,287,207,108,51,19,19
AGGAAGTTGACCTCG,7,0,887,581,603,595,648,622,240,266,201,122,53,62,31,27
AGGAATACCTTTACG,3,0,141,119,241,218,187,211,514,965,1273,1878,1493,1449,1184,1461
AGGAATCCTTATTGC,2,0,99,153,109,256,572,1137,2475,2837,2499,1832,1218,955,492,431
AGGACGGTGTAATGT,7,0,763,739,894,689,706,567,323,112,236,95,101,48,23,36
AGGACTCGAACGAAG,3,0,51,102,74,50,57,124,370,1074,1301,1644,1438,1589,1152,1074
AGGAGCTGGGCTCGA,7,0,694,661,505,547,436,390,229,214,256,97,59,78,5,10
AGGAGGTGCGTACTG,7,0,948,1087,400,875,734,535,316,294,149,192,137,78,18,32
AGGAGTGCAGTGGAT,7,0,1010,992,648,918,914,663,357,289,305,145,116,117,57,16
AGGATTCCACGCGAG,7,0,620,693,907,690,577,595,341,178,121,99,103,15,42,33
AGGCAATGCCACTGG,7,0,1070,1421,718,923,747,661,405,362,266,196,67,81,50,1
AGGCATCATAGAGTG,7,0,571,667,827,606,587,344,194,110,33,68,54,58,33,14
AGGCATTGCTTTGGC,7,0,833,901,811,704,808,421,271,198,134,139,74,45,29,25
AGGCCAGTCCTTGGA,7,0,147,96,915,774,789,540,470,260,160,52,85,44,24,10
AGGCCGCTTTTGGTC,7,0,752,1036,437,625,718,410,362,249,181,94,53,18,38,7
AGGCGGTGGGAAGGC,7,0,926,933,877,764,711,828,432,278,247,139,81,50,31,25
AGGCTACGATGTTGT,7,0,1152,821,1337,1024,964,1087,511,307,191,243,121,72,61,15
AGGCTAGTCACAACG,7,0,536,1139,314,610,594,323,251,308,176,335,273,216,133,140
AGGGAACGGTTATGC,7,0,522,781,515,482,420,396,213,144,157,115,59,18,28,14
AAATTTCCTTTGGAG,7,0,596,974,617,459,645,421,161,171,79,86,60,94,41,10
AGGGAGTGTTGAAGC,7,0,690,648,567,593,696,477,313,248,107,93,55,54,9,18
AGGGAGTTGCGGATC,7,0,1214,1694,829,1134,1241,1011,487,324,238,202,131,32,38,13
AGGGTAGCTGATTTT,7,0,633,460,775,506,523,316,243,159,142,82,52,77,11,3
AGGTACGCTGACATG,7,0,2402,3612,2940,2138,2518,2673,1916,1698,1507,901,621,468,329,126
AGGTAGAAAGAGTCA,7,0,569,952,449,584,414,794,404,339,402,215,118,125,41,45
AGGTAGACGTGAGAA,7,0,1502,2017,1340,1216,1036,984,677,293,303,287,173,133,36,18
AGGTAGTACCCGCAT,7,0,944,955,852,727,603,488,341,171,168,181,68,49,26,13
AGGTATCTGTGCGGG,7,0,1379,2090,1526,1656,1517,1142,641,504,227,286,140,172,36,40
AGGTCGTAGGGAGAA,7,0,3292,4091,2506,2783,2472,2383,1394,893,865,599,369,311,230,144
AGGTCTCCAAGCTCC,7,0,812,928,805,866,720,635,358,285,160,152,83,38,16,48
AGGTGTAGCATACGC,7,0,684,350,707,530,503,302,293,199,129,85,78,23,22,10
AGTAGAATGACGGTA,7,0,524,510,1033,718,601,462,371,154,304,148,142,35,39,15
AGTAGGCCCTGCGTT,7,0,674,772,628,588,442,384,247,181,280,119,47,28,26,38
AGTATTGCGTTCCAT,7,0,588,787,569,523,448,486,183,184,86,45,34,71,16,1
AGTCACTAGGTTGCC,7,0,630,865,680,736,718,525,322,238,202,131,132,56,19,32
AGTCATTATCTGTGC,7,0,780,609,574,561,557,498,193,217,130,136,39,9,15,43
AGTCCAAATGCATAA,3,0,324,435,393,349,322,506,935,2267,3085,3883,3229,3015,2192,2028
AGTCTAGGCACGCTC,7,0,781,1246,825,526,565,467,333,128,194,118,79,80,42,13
AGTCTCGCGCTTAAG,4,0,134,329,353,344,343,573,566,632,447,279,253,282,163,241
AGTCTTAGTTTGCTC,7,0,757,711,634,689,647,535,262,145,176,106,22,38,6,21
AGTGATGAAGGGGTC,7,0,566,431,647,482,602,433,316,288,89,119,69,37,29,16
AGTGGGAGATGTTAT,7,0,611,1227,889,776,865,655,410,243,197,77,50,67,25,47
AGTGGGGCGCAAGGG,7,0,1244,1141,1921,943,962,627,416,320,144,160,94,70,21,19
AGTGTACCGAGGTAT,7,0,609,813,661,712,684,453,175,195,100,151,31,28,12,25
AGTTACTTTAACGTG,7,0,778,1146,349,881,817,667,328,303,189,128,67,61,17,51
AACATGACCTGGGGG,7,0,3201,2974,3129,3303,2688,2062,1188,873,798,541,219,295,107,64
AGTTCGGACGTACGC,7,0,720,350,191,715,663,430,294,195,154,148,115,71,24,23
AGTTCGGCGCGTAAC,7,0,738,300,470,639,644,382,243,152,132,99,32,67,28,18
AGTTGAACGGAGGTG,7,0,873,1135,1030,889,946,783,369,331,190,188,146,106,36,47
AGTTGGTAAGACTGA,7,0,817,801,611,678,532,551,346,171,137,156,76,35,40,30
AGTTTATTGTAAGGA,2,0,176,487,154,700,922,1246,1385,1140,1107,808,496,561,557,353
ATAAACGCTTCTGTC,7,0,1474,1390,1106,1180,1226,985,617,468,328,202,113,100,64,44
ATAAGTTATAAATTT,7,0,1105,1265,789,1027,938,1060,479,297,442,171,115,75,89,32
ATACAACGTGGTAGC,1,105025,1224,1549,1416,171087,372668,1279783,2333112,2289841,2941529,2839767,3104887,3834658,3395882,3426453
ATACAAGGTTTGGGT,7,0,682,648,491,494,544,470,210,137,17,78,61,53,20,13
ATACACCGGTTTGCT,7,0,1120,1084,876,974,952,698,436,280,195,145,109,61,23,36
ATACCGTGACTTGAT,7,0,1311,1602,674,1075,965,860,527,305,239,158,110,83,63,51
ATACCTGGGGTGGTC,7,0,2710,3738,3064,2767,2645,2309,1209,835,508,381,279,130,74,86
ATACGTTGTTTGGGC,7,1,888,1477,1083,1157,1000,772,362,382,266,193,143,91,68,14
ATACTAAAACTCTAC,2,0,69,106,242,235,516,714,486,358,425,303,239,233,166,197
AACCCCAGCGATGGG,7,0,812,1093,763,708,795,537,302,336,165,227,120,37,14,28
ATACTTGAACGCCTA,4,0,117,278,199,330,480,722,641,316,488,303,266,150,58,78
ATAGAATCGGGGGGT,7,0,791,761,280,843,924,753,572,372,390,334,164,89,89,91
ATAGCAGCCGGGGAG,7,58,4217,4388,4767,4118,4238,3302,2418,2439,2217,2865,2564,1966,1639,1695
ATAGCTAACACTTCA,7,0,553,753,702,450,537,401,198,120,92,85,90,35,30,11
AACCGAAAAACCTTG,7,0,844,1302,1037,1048,857,656,490,458,353,312,166,122,189,184
AACCGATTCGAGAAG,7,202,5140,5007,7221,5557,5393,4366,2427,1736,1219,1047,613,394,267,149
ATATCAACATCTGAA,7,0,979,537,1053,857,822,621,388,246,239,147,118,58,19,14
ATATGACCTAGAATC,7,0,590,653,717,486,521,240,208,163,125,81,64,4,6,9
ATCACATGCAAGATA,2,0,255,606,262,474,954,1918,2710,2215,1466,2026,2006,1641,1318,891
ATCAGGACGGGGTAT,7,0,985,916,1136,739,946,736,426,298,300,183,146,64,67,19
ATCATCTGTATGTTG,5,0,448,406,333,576,1018,1277,1794,1728,1055,890,610,456,325,172
ATCCAAGGGTCACAA,7,0,1896,1941,1836,1714,1713,1263,857,539,291,261,182,67,125,37
ATCCCTTCCGATCAT,3,0,20,163,44,64,75,120,294,643,1007,1076,1280,1063,860,817
ATCGAACATTCCAG,7,0,417,601,678,651,599,289,283,115,81,118,92,16,9,40
ATCGACGAGACAAAC,7,51,5501,5140,4801,4838,5010,4445,2962,2730,2579,2300,2033,1363,938,949
ATCGCGGCAACTGTA,3,0,160,688,290,254,274,311,395,964,1586,1544,1470,1115,902,806
ATCGGATATCAGCAT,7,9,629,764,402,521,520,317,244,217,89,108,77,0,37,8
ATCTAGTACGGCCTG,7,0,647,907,811,717,708,650,296,267,164,119,102,48,29,14
ATCTATTGGGAGGCC,7,0,2507,3480,2063,2510,2009,1741,1073,866,587,472,250,185,154,32
ATCTCAGGCGAGGAC,7,0,577,947,233,672,555,650,303,136,149,148,38,52,29,2
ATCTGTCTGCGAGTAC,7,117,935,877,921,900,751,880,308,114,341,111,118,7,31,6
ATGAAGTTATCTGAA,7,0,1056,1453,818,925,1076,935,497,375,326,215,115,66,75,28
AACGATCAGGAAGGA,7,0,1289,1488,1283,1002,987,616,461,222,230,119,90,25,91,37
AACGATCGACACGGG,1,0,213,681,606,672,1080,1626,1568,1341,1890,2287,2771,2913,2471,2818
ATGACCTGGCGTCAG,7,0,619,762,616,609,478,472,274,127,183,111,44,51,25,5
ATGAGTCGGTGTTGG,7,0,502,1117,731,686,568,380,305,190,202,137,44,92,4,8
ATGATTCCTCAGCCG,7,0,2150,2677,1827,1847,1820,1490,861,455,548,315,204,115,71,65
ATGCACAGCAATGG,7,1,755,931,688,599,448,334,176,90,84,67,75,77,32,34
ATGCCCTGCATGAAG,7,0,481,789,659,484,462,328,253,146,142,118,37,30,12,32
ATGCGAAGGCATGTA,7,0,1399,1386,1291,1275,1055,963,605,337,269,269,198,99,40,76
ATGCGGCAGCCACTA,6,0,53,5,1480,1174,1067,834,566,235,228,91,102,54,64,54
ATGCTACGAGTTGAG,2,0,5,74,520,2578,9187,49326,38371,22865,12610,8583,4396,2618,1380,924
ATGGACAACACTACA,7,0,593,833,799,539,568,533,238,175,35,166,55,65,35,43
ATGGATAAATTTCAC,7,0,548,692,509,467,566,505,235,275,135,100,71,34,15,8
ATGGCAGAGACTGCG,7,0,817,593,944,738,557,509,320,189,116,134,96,99,49,33
ATGGCGGTGGTCACC,7,0,1054,1509,866,1037,1058,756,461,469,303,220,184,144,145,164
ATGGCTTCCGTCTAT,7,0,821,1132,597,1142,1477,1296,890,730,628,410,174,156,94,69
ATGGGGCGCTGGCGC,7,0,672,875,764,532,512,338,246,200,197,141,137,78,37,31
ATGGGTTCCTGTAGG,7,0,901,836,871,805,612,607,438,278,296,80,68,70,38,17
ATGGTATATGGGCTA,7,0,967,1167,1207,935,979,891,401,307,326,234,127,74,7,42
ATGGTGAACGGCTGT,7,0,869,467,1085,998,806,593,417,289,349,149,73,104,55,24
ATGGTGGTTAGAGGT,7,0,553,614,394,520,588,609,284,187,237,109,47,27,3,19
AACGGGGCAACCGCT,7,0,1140,604,482,773,831,657,361,254,197,175,31,75,51,28
ATGTACTACCAAGCG,1,0,50,3,162,99,192,222,876,2400,2952,3286,2954,2874,2162,2125
ATGTAGGAAGCGAAG,7,0,695,943,768,600,539,403,339,212,171,98,49,25,29,14
ATGTATCGTGGGATA,7,0,1023,1749,1006,1029,727,635,507,218,279,185,145,72,43,35
ATGTCCTTATTTGGG,7,0,757,903,953,640,506,447,254,270,174,121,67,40,34,33
AAAAGGCTATTGGTG,7,0,579,602,441,467,543,380,293,178,124,98,49,19,45,9
ATGTGGGTGCAACTG,7,0,1531,1584,1292,1380,1215,1019,649,541,767,732,499,470,231,210
ATGTTTATCCGCTCA,7,0,956,997,476,665,829,733,403,218,56,117,123,56,12,27
ATTACAGGTAACATC,3,0,73,177,280,95,166,315,360,1124,1487,1783,1732,1440,1071,1179
ATTACCAGGGAGTGC,7,0,1400,1654,1345,1302,1272,790,562,240,390,209,142,71,41,28
ATTATCGCATTTATG,7,0,882,628,662,681,643,394,301,127,202,65,61,36,30,28
ATTATCTCAAGGGGC,7,0,890,837,1182,986,902,584,505,231,229,193,94,86,31,45
ATTATCTTACTATGC,7,0,951,903,873,787,877,532,366,310,81,162,105,46,7,32
ATTCGCAGGTGAATA,7,0,760,520,714,504,556,449,305,174,103,95,49,55,14,19
ATTCGGAATTGGATA,7,0,703,692,573,904,852,631,310,238,183,186,106,105,122,89
ATTGAACCTGGAGAC,7,1,840,699,1080,728,752,462,336,145,286,148,100,92,59,40
ATTGATATCCTCTGG,4,1,429,864,1110,1289,1606,2835,2380,1782,1653,1125,739,744,491,272
ATTGATGCCACGCAT,7,0,757,637,491,795,643,590,267,319,177,138,115,57,42,21
ATTGATTATCTTATC,7,0,859,979,442,636,711,614,293,268,78,103,26,55,39,12
ATTGCACCATAGGTA,7,0,1378,1482,1815,1486,1280,1365,655,494,479,254,85,136,62,27
ATTGCGCAACTTGAC,7,0,674,533,327,711,477,586,256,124,136,106,81,62,7,17
AACGTTGTGTTAGTT,7,0,592,1057,716,679,653,699,316,177,158,149,118,44,64,9
ATTGGGTTAATTTAT,7,0,2345,2253,2718,2102,2189,1970,1039,721,684,509,369,269,116,113
ATTGTGCCCGCAGTT,7,0,732,1141,605,818,796,523,359,271,216,192,120,56,38,51
ATTGTGGAGGGTGCT,3,0,86,125,159,156,210,186,410,872,1193,1058,934,809,665,583
ATTGTGTGATACCTG,3,0,511,1234,717,770,865,792,1345,3211,4081,4955,4337,3781,3073,3261
ATTTACATCGCCAGT,7,0,700,615,672,493,430,443,264,151,103,87,80,81,28,10
ATTTACTCGGGAGTC,7,0,924,1805,908,994,873,905,394,314,356,227,88,37,20,24
ATTTCATACTAATTA,3,1,17,2,1,28,25,362,834,2170,2908,3043,2871,2941,2036,1865
ATTTCTGTTGTAGAC,7,0,605,857,370,523,528,383,212,171,123,57,28,44,18,29
ATTTGAGTATAGCCA,7,0,628,770,531,615,682,687,275,287,229,109,52,32,34,38
ATTTGGGCGTAGATG,7,39,1651,1612,1443,1388,1376,1022,708,396,321,207,140,118,46,36
ATTTGGGCGTCATAT,3,0,75,143,80,116,177,75,253,726,991,895,868,875,626,687
ATTTTAAATCGTAAC,1,0,610,1434,2118,2180,3927,6344,6292,5492,7024,6484,6372,8194,7361,6779
ATTTTGCCGTACAGA,7,0,632,820,518,738,794,498,336,254,201,129,91,21,33,50
ATTTTGGTATCGAGA,7,0,398,549,955,455,541,420,139,165,188,139,71,52,37,14
CAAAGTAGACATGTT,7,0,778,726,496,536,391,445,221,198,203,186,104,104,143,56
CAAATTTTGAGGGGA,7,4,2308,2510,1966,2053,2393,1955,1182,613,556,411,174,204,102,98
CAACGACGTAATACA,3,0,483,406,435,478,433,589,1433,3254,4293,5564,5142,4800,3615,3398
CAACGGAAGGGCACT,7,0,799,698,689,782,835,725,455,211,247,141,175,134,13,36
CAACTCCGAGTGGGT,7,0,1317,1527,1354,984,880,957,440,240,172,152,159,43,40,28
CAAGCCGAATGCACT,7,1,8262,9038,6673,7182,6898,5517,3525,2225,2368,1528,916,849,519,407
CAAGGCTGGGACCCA,7,0,1766,2020,1775,1687,1850,1178,644,598,326,284,200,99,52,27
CAAGGTAATCTGAAG,7,0,580,685,708,659,684,466,388,264,169,113,68,36,23,34
CAAGGTTATGTAAGG,7,0,708,1086,510,725,706,639,357,174,137,142,62,13,26,16
AACTGCGAACCCGTG,7,0,576,654,582,681,655,545,322,174,192,89,78,60,78,13
AACTGCGGTGTTAGC,7,0,657,547,545,564,415,492,229,201,152,87,37,44,41,21
AACTGGAATAGAGCA,3,0,299,194,205,267,218,201,274,583,608,802,497,471,405,381
CAATCTATAAGAAAG,7,0,974,876,864,765,672,973,357,220,219,126,90,58,35,72
CAATGACAGAGGA,7,0,617,854,326,474,479,353,234,138,193,134,119,56,23,107
CACCAATCGTCAATA,7,0,708,670,1014,734,635,449,275,247,256,130,37,47,44,30
CACCGTACTGCGGCT,3,0,92,129,253,194,285,301,584,975,1395,1552,1747,938,879,769
CACGAACCTTGTGTT,7,0,1229,1329,905,1113,1021,648,504,425,324,199,78,55,52,47
CACGAACGGCAAAAT,7,0,737,947,690,588,617,563,337,220,222,97,51,50,30,30
CACGAACTATGGGCA,7,0,972,1016,537,705,597,373,257,54,123,122,60,61,57,65
CACGAGGCCGATGAG,7,0,558,705,792,579,564,399,274,179,87,121,53,37,12,8
CACGCATGAAAGTTT,7,0,623,662,1087,624,800,893,390,236,144,145,129,68,35,52
CACGGGGTTATAGCC,7,0,932,691,536,893,831,697,342,320,289,201,120,42,65,13
CACGGGTCAATGTGG,7,0,710,759,125,656,522,722,287,186,226,98,83,83,31,42
CACGGGTTTCACGTC,7,0,3130,3999,3204,2953,3023,3037,1302,1148,756,552,276,235,170,42
CACGTGTGATTCAGG,7,0,98,200,488,685,491,815,386,301,181,108,83,88,5,9
CACTAATTCTGGAAA,7,0,584,664,602,463,527,506,292,241,64,107,59,23,33,18
CACTAGGTTCCGCAC,7,1,738,1004,767,638,586,371,283,163,130,115,86,44,18,11
CACTATACAATCCGG,7,0,762,1030,967,777,722,817,354,241,378,139,68,84,43,12
CACTCACTCCATACT,3,126,423,363,335,376,380,455,611,1108,1603,1491,1330,1130,829,941
CACTCACTCGACCAT,7,0,1223,1570,1043,1388,1498,1232,725,312,385,242,179,126,71,57
CACTTACATAAGCAG,7,0,4235,4420,4383,4848,4445,3761,2154,1415,1030,673,617,316,151,188
CAGAAGCGATGCCGG,7,0,559,1175,591,364,357,378,144,166,220,62,45,25,25,20
CAGAGGAAAGGTGTA,4,0,365,981,1029,1085,1693,2291,2175,1537,1453,1046,685,527,388,355
CAGAGTGCAGAGCGA,7,0,4071,4125,3613,3411,3385,2613,1505,1062,887,684,432,232,149,161
AAGAACCGTAGAATT,7,0,262,748,509,496,499,661,224,202,94,95,49,65,25,21
CAGCATAGAGTTCAG,3,0,105,196,156,133,142,139,449,1245,1483,1863,1851,1447,1090,1232
AAGAACTAATCGTAC,7,0,657,878,590,691,600,516,333,195,240,116,46,49,29,10
CAGCTTAGGGTGTGG,7,0,632,879,705,722,621,549,249,238,233,166,82,71,38,4
CAGGAGAAACTGATG,1,0,94,1,71,108,147,418,378,542,396,283,384,248,304,292
CAGGCACCGGGTGGA,7,0,722,766,470,436,474,428,284,291,188,70,35,58,6,25
CAGGGAAGGTGAAGA,7,0,2748,3367,2592,2597,2671,2060,1333,1138,975,997,537,475,425,329
CAGGGCTACCAGTGG,7,0,880,730,605,598,590,359,247,123,190,131,81,23,20,24
CAGGGGATTTCGCAC,7,0,802,866,960,758,673,782,397,232,360,137,102,74,6,9
AAGAATTCTTCGACT,7,0,654,731,689,541,539,453,237,148,96,69,55,48,13,26
AAGACATCACAGTAC,7,0,1049,1022,733,1056,767,1004,433,296,269,156,114,78,30,38
CAGTGGAGCAACTAC,7,0,779,608,348,432,448,774,185,204,178,73,48,18,27,46
CAGTGTACGATGGCA,3,0,171,150,170,141,153,282,539,1628,1896,2067,1971,1697,1163,1461
AAGACCCTACCAGCC,7,0,394,833,620,417,570,429,165,139,160,53,48,46,4,20
CATACAGTGAGGGAT,3,0,29,50,142,46,51,102,597,1267,1704,1700,1545,1687,1174,1301
CATAGAAACCGGTCC,7,0,541,955,336,445,452,465,308,212,107,142,39,22,49,4
CATCCCACTGGTATA,7,0,525,595,635,548,595,398,238,140,91,84,39,61,42,28
CATCGTTGGGGGTAA,7,0,717,784,1017,716,679,483,338,252,145,111,62,62,17,41
CATCTATTTCAAGGG,7,0,1256,1707,1160,1363,1401,1237,690,435,306,224,149,80,70,52
AAGAGATTCATCTGG,7,0,819,860,1291,790,864,642,374,403,213,97,106,26,44,43
CATGCGTGCAAATGG,7,0,699,878,388,657,629,358,221,224,121,145,25,76,55,53
CATGGACTGCGGTGA,7,0,2139,2874,2191,1920,1929,1334,870,606,406,377,201,131,72,62
CATGTATCGTTTGCC,7,1,10367,11324,11285,10240,10304,8696,4745,3658,3580,3053,2560,1770,1250,1219
CATGTTAATTGGCTG,7,0,611,783,476,478,522,422,194,163,123,111,47,41,25,3
CATGTTTGGGGAGTG,7,0,540,689,538,472,409,452,310,213,137,100,55,36,23,11
CATTAGTATTCGGGT,6,0,20,486,20121,19736,19621,15847,9479,6817,5039,4100,2791,1835,1157,1097
CATTCACTCATTGGA,7,0,760,1119,1213,964,769,921,381,382,154,138,66,14,42,5
CCAACGATTTTTCGC,7,0,531,681,1039,577,607,717,412,258,165,171,196,96,49,49
CCACACATTAGACCT,7,1,922,976,1187,1135,1048,733,512,256,198,203,94,135,67,27
CCACGGGCATGCGAT,7,0,808,374,1176,435,390,294,144,65,43,83,14,13,23,15
AAGATACGGGCATGT,7,0,3222,3954,3440,2951,3074,2565,1218,851,831,535,379,149,84,104
CCAGCCGTAAAGATA,7,0,1352,1016,1196,991,1162,815,544,436,213,179,158,25,91,6
CCAGCTCGCGACCGT,7,0,1144,2066,1096,1221,987,767,538,343,148,214,203,111,50,43
CCAGGTTAGGATTAT,7,1,1333,1523,1101,1244,1205,952,659,246,170,193,139,101,42,2
CCAGTGATCCTGGAT,6,0,151,48,831,725,871,571,436,214,185,148,129,100,18,39
CCATCGAGATCCAGG,7,0,609,404,645,761,731,400,308,215,341,172,110,58,51,1
CCATCGCATTTCCTC,7,0,806,1052,376,866,862,645,383,186,109,167,101,50,30,6
CCCATCAACAACGCC,7,0,1191,1606,1097,1205,1164,674,387,420,305,232,135,87,52,45
CCCCAGTTCCCCGGA,7,0,1179,2018,1210,1283,1068,990,503,356,426,170,107,58,58,26
CCCCATCCCGAGAAT,7,0,1119,972,952,1057,984,865,364,294,360,162,156,124,53,29
CCCCGGTTAATGTTT,7,0,1054,1349,1021,1079,830,1071,537,378,224,241,102,49,45,14
CCCCTGAAGCGTAGA,7,0,2247,2262,2464,2157,1971,1911,1036,742,592,369,217,181,80,96
CCCGGTTTGTCATGT,7,0,893,906,572,847,798,612,270,196,206,154,117,30,47,29
CCCGTGCGCTTTTAG,7,0,1492,2078,1964,1245,1538,1105,613,436,374,287,202,81,87,78
CCCTCACCCCCGCTT,3,0,38,160,127,35,34,125,264,764,1145,1377,1177,871,743,778
CCGCCCGCTCCGTGT,7,0,547,1250,1168,728,672,815,365,183,270,163,60,33,31,84
CCGCTAAGAATTTAG,7,0,626,614,585,589,521,517,279,206,116,172,93,69,10,55
CCGGAGGGGACTCCT,7,0,930,1433,990,709,639,443,416,242,134,175,71,75,28,63
CCGGCAAGTCCGACA,3,0,137,77,133,182,138,65,144,361,531,615,476,513,532,378
CCGGCCCAGAGAGAT,1,117,93,2,57,63,94,169,778,2595,3213,3849,3564,3017,2345,2714
AAGCCACTGGTACGA,3,0,367,348,432,338,411,761,1210,3444,4279,5597,4458,4122,3151,3405
CCGGTGGGGATTTAG,7,0,564,1568,724,622,617,630,337,218,133,135,48,110,10,17
CCGGTGTGGACGGCA,3,0,123,47,1,61,68,67,324,911,1263,1594,1219,948,943,642
CCGTAATATGATCGT,7,0,620,455,332,615,494,659,235,124,113,129,60,29,18,9
CCGTAGGGGGGTACC,7,0,704,939,577,813,674,448,364,282,80,108,58,13,30,25
CCGTCATGCCAGATG,7,0,682,1785,426,561,514,309,265,172,300,154,70,18,34,46
CCGTCGCGCAACGCG,7,1,1988,2440,2109,2160,1958,1553,1041,548,637,470,214,172,75,57
CCGTGAGCTATGAGA,7,0,856,778,870,824,667,715,442,349,188,120,96,58,61,6
CCGTTTGCAAGCAGG,7,0,827,998,694,772,775,780,388,255,246,128,146,86,41,36
CCTAGAATCTTGGGC,7,0,423,786,384,446,474,567,223,329,87,108,59,29,15,82
AAGCGACACTGTTGA,7,0,907,1119,716,783,619,444,279,245,191,146,56,19,16,8
CCTATTGATATCGTA,3,0,389,258,67,248,263,229,438,1017,1200,1346,997,1018,711,645
CCTCTAACGGAGGGC,7,0,650,676,279,582,516,489,238,159,231,132,34,50,38,5
CCTGCAGGTTCCTTG,7,0,443,569,654,669,681,533,243,226,195,164,75,11,24,19
CCTGCGAGTAGCATC,7,0,1270,1205,1615,1147,1029,755,465,357,297,158,164,70,55,61
CCTGCGATAATGTTC,7,0,455,879,700,525,393,212,196,96,160,90,117,43,32,16
CCTGGCGTGGTTCGT,7,0,1551,2165,1123,1725,1470,1395,871,510,412,345,272,71,41,48
CCTGTCCAGGCTGAA,3,0,127,341,184,135,112,171,256,567,741,922,731,554,532,564
CCTGTCGAGAGTAC,7,0,957,1174,726,1044,669,673,465,226,168,187,87,49,44,17
CCTGTCGTAGTTATG,7,0,657,1252,920,741,619,570,341,152,228,211,93,78,36,12
AAGCGGTTTCTGATT,7,0,941,1133,684,890,896,600,433,270,116,168,104,29,33,22
CCTTATATGATCCTT,7,0,727,517,447,530,518,312,214,218,89,127,92,43,41,14
CCTTCTTAATGCTCT,3,0,117,70,55,66,70,156,388,817,1133,1218,1099,1085,921,916
CCTTGCGTTGGCGTT,7,0,521,664,677,544,462,525,179,177,179,89,58,9,17,25
CCTTGCTTGCGATAA,7,0,901,907,535,617,644,577,344,247,156,81,77,40,7,26
CGAACCGGGAGGACA,3,0,301,359,97,226,284,192,524,916,1228,1639,1511,1492,1040,1070
CGAAGCTATCTGTTT,7,0,650,846,777,642,872,655,297,209,143,126,81,64,23,48
CGACCCGATCGCTGC,7,0,1103,675,855,1124,1364,742,387,344,172,166,88,94,26,13
CGACGTAGGTTTGGC,7,0,849,866,707,675,614,496,348,231,117,115,79,21,12,51
CGACTTTACATCGG,7,0,682,534,460,512,568,349,253,191,38,94,74,50,18,13
CGAGAGCGCAGCCGA,7,0,1483,1484,1046,1419,1134,711,690,395,259,217,176,131,43,25
CGAGCGTTTTGCGTC,7,0,1214,1034,931,1238,1174,752,548,342,177,226,73,64,38,24
CGAGTCCCCCGCATA,7,0,628,628,542,675,672,533,222,202,154,169,127,74,63,49
CGAGTTATTCACTAC,7,0,2971,2759,3314,3690,3379,2704,1754,1247,1190,1172,894,765,381,551
CGATCAGAGATACGT,7,1,757,1004,557,722,839,618,353,243,415,131,95,48,12,14
CGATGATAAAATCCA,7,0,623,1167,492,605,748,389,278,210,169,156,101,29,29,50
CGATTAAAAGGGAAT,3,0,468,619,465,333,579,490,450,942,757,1106,915,895,861,897
AAGGACAAGCGTGG,7,0,524,793,810,484,522,395,245,255,124,121,38,60,43,13
CGCAGGTCTGGTAAA,3,0,4,1,1,10,62,184,1167,3362,4266,5875,5704,4695,3554,4343
AAGGAGCTGGAGACA,7,0,799,670,285,602,623,704,298,229,148,133,78,61,37,8
CGCGTGGACAGTCCA,7,0,895,775,709,698,585,645,263,284,129,93,86,38,31,25
AAGGATATACATTCT,7,0,1014,858,604,895,874,513,389,301,275,129,68,55,40,38
CGCTGTACGGGGAGT,7,0,569,473,648,701,507,653,301,267,158,139,91,72,10,17
CGGACAATGGTGATC,3,0,126,137,210,112,178,87,221,485,1034,931,932,706,539,654
CGGACACTGCGTTAG,7,0,1429,1250,1815,1298,1260,1123,538,395,271,283,139,52,32,23
CGGAGAGCTAGATTC,7,0,935,996,768,955,768,679,388,310,178,118,100,67,30,19
CGGAGGGTTAAATCT,7,0,460,346,178,378,348,503,359,314,220,247,224,152,84,63
CGGATAAAAGATGCG,7,0,1001,1218,658,841,792,742,430,350,145,165,129,116,42,37
CGGGAGAATTATTGT,7,0,642,966,945,789,766,658,369,254,174,167,83,22,13,6
CGGGCAGCTTAGGAC,7,55,5880,6365,5385,5641,5440,4449,2470,1402,1547,1115,623,349,150,125
CGGGGAATAGTATTA,7,0,1059,610,753,771,750,632,400,292,149,204,95,42,48,10
CGGGGATAATCCGTC,7,0,820,469,669,732,696,480,343,152,195,136,71,27,34,44
CGGGGATCGGACCCC,7,0,588,780,630,689,648,532,276,152,133,80,123,35,9,2
AAGGGAAAATAGAAT,7,0,736,825,425,460,555,389,269,110,186,101,63,51,34,28
CGGTCCGGTTCTACG,7,0,562,1127,827,802,610,564,283,252,215,161,70,43,24,24
CGGTCGGGTGGGGGT,7,0,621,1160,908,694,734,436,313,205,200,128,74,47,19,28
CGGTGATTCGTGACT,7,0,776,619,855,720,564,514,300,200,231,147,102,73,77,51
CGGTTAATGTCCACA,7,0,806,1552,923,1084,811,491,376,240,157,209,119,108,26,42
CGGTTGTCGCAGATA,7,0,874,1274,960,917,785,917,421,270,238,244,108,71,40,34
AAGGGCGGCTCCGCA,7,0,4214,5219,4458,3966,3864,3321,1789,1067,938,635,388,235,150,145
CGTACTCCGTCTATG,7,0,1219,1151,848,1290,1229,879,528,524,278,235,95,58,22,40
CGTAGATTCGGGATG,7,0,605,386,1087,571,614,545,286,179,149,98,46,15,49,38
CGTAGTGAGCCCTAA,7,42,517,520,381,449,613,686,449,337,145,155,103,117,96,39
CGTCACCAATATACG,7,0,1385,2334,1424,1487,1457,1048,506,332,330,187,133,50,33,29
CGTCATACCTGAGAG,3,0,119,73,72,47,115,106,331,858,967,1327,1115,982,823,910
CGTGATCCTCGCGA,7,0,899,878,1151,870,833,689,298,259,217,87,100,69,28,13
CGTGTTTAAAATAGG,7,0,1147,949,700,1032,1205,1071,635,410,332,275,143,125,65,50
CGTTACGGTTACACA,7,0,971,890,1231,1181,1321,1081,1100,835,563,440,256,161,180,84
CGTTCACGGCCAGCC,7,0,764,481,840,675,804,749,419,215,136,175,124,45,45,38
CGTTCTAGTGGGGTA,7,0,894,1209,1009,691,691,371,298,337,119,127,122,81,28,21
CTAAAGTGTGTATAG,7,111,922,913,893,781,789,744,349,245,311,90,109,48,45,8
CTAACAACTTGAGAC,7,0,673,1074,784,608,478,487,270,157,101,119,117,74,35,16
CTAACTGATCCAGTC,8,71251,262,602,236,280,214,231,84,63,11,51,18,22,10,21
CTAAGATGAGTTGTT,7,0,592,455,366,542,637,440,344,200,129,124,58,38,15,9
CTAAGATTGATTCTA,7,105,4222,4808,4141,3612,3605,2875,1931,1525,1342,943,813,481,393,263
CTAAGGATGCAGAGG,7,0,647,978,774,641,655,591,308,199,146,128,56,25,14,23
CTAAGGGTTATGAGA,7,0,1283,951,1354,1153,1115,648,502,361,221,219,135,138,29,65
CTACCGGCCGAGAC,7,0,1062,1157,1115,833,684,572,395,125,137,182,70,9,35,11
CTACCTGCTGGACGT,7,0,583,579,907,716,697,533,258,274,137,117,83,56,20,26
CTACGACATGGACCT,7,0,677,834,831,679,375,367,210,187,90,132,105,65,9,26
AAACAAGCGTCGGTC,7,0,750,454,954,794,794,679,418,435,315,163,106,88,39,34
CTAGACGCATCATTG,3,1,31,4,1,135,862,3713,17680,52781,71495,87885,82680,66409,54227,57188
AAGGTTAGGTGTATC,7,0,590,955,884,771,696,650,294,183,201,121,27,28,37,18
CTATATATGTGTACA,7,0,389,956,494,410,430,442,228,212,140,88,82,106,5,37
CTATCATTCCCTGAC,7,0,630,984,531,588,360,354,249,180,119,128,21,14,20,3
AAGTAAAGAAAACAA,7,0,537,447,627,562,715,625,326,242,270,150,60,100,39,13
CTATCTGCTACACGG,7,0,797,665,801,507,504,420,276,178,241,219,94,44,114,69
CTATGATTAAATGAA,7,0,542,472,634,770,983,889,641,514,412,321,223,182,127,77
CTATTACGGCTGCTT,7,0,655,426,620,540,508,357,239,143,221,205,155,120,55,77
CTATTGACATGATAT,7,0,638,900,972,928,1005,958,586,359,188,190,123,18,38,32
CTCAACAACTAGGCT,7,0,717,901,429,678,549,559,309,213,75,136,52,63,24,30
CTCAATTTAACGTAA,7,0,788,1089,452,721,703,443,346,261,176,116,99,52,27,41
CTCAGGACTATAGTC,7,0,400,405,716,649,679,438,312,202,115,124,43,49,24,37
CTCAGTACATTTGGA,7,0,493,752,558,752,575,609,359,237,104,153,52,47,56,28
CTCATAACAAGACGG,7,0,750,1187,636,577,550,529,294,120,130,83,80,31,36,38
CTCATCGTTCAGTTA,1,0,69,1,85,51,67,59,296,796,956,1360,1318,1159,743,898
CTCCAAGGCAGCAAA,7,0,458,946,438,448,333,545,259,186,190,104,53,28,4,25
CTCCAGGCCGCACT,7,129,817,1599,730,813,845,600,342,337,57,148,157,50,16,33
CTCCAGTGTTTCGTT,7,0,474,683,860,510,578,387,226,172,148,111,81,21,51,25
CTCGAGTACAAACGT,7,0,641,773,704,615,503,388,288,197,345,96,46,74,17,14
CTCGATGGTACCATG,7,0,682,541,769,566,641,563,230,208,136,95,102,78,9,11
CTCGCGGCGCACCAT,7,0,674,742,682,891,924,442,388,179,264,133,81,31,30,30
CTCGCTGTACCCTTG,7,0,490,707,791,487,414,194,255,191,164,59,21,42,24,21
CTCGGGCAAGCGAAC,7,0,571,1118,990,698,563,276,266,187,107,84,66,43,7,17
CTCGGTTGCGTTGAA,7,0,714,742,740,697,539,403,253,153,209,95,60,69,25,11
AAGTATGATAGGGTC,7,0,790,1027,409,704,724,351,322,158,242,146,71,36,15,18
CTCTAACTCGGTTGT,5,0,237,259,430,346,526,829,947,735,621,620,609,348,112,180
CTCTGGAAGAGAAGA,7,0,686,905,238,507,584,489,284,216,141,94,64,12,10,7
CTCTGGCTTGTGCCT,7,0,446,605,661,479,525,553,296,238,358,404,286,248,99,141
CTCTGGTTCCGTTGT,8,84559,306,129,110,313,285,226,133,46,80,51,26,35,14,17
CTGAAAACAATGAGG,7,0,765,1263,984,819,1065,613,402,287,201,186,110,76,29,49
CTGAAGCTGTGGTTC,7,0,531,758,789,604,501,419,225,146,65,160,70,40,6,22
CTGAATGCTATCTTG,7,0,622,540,456,458,614,491,243,244,128,51,59,6,27,40
CTGAGGATTATATCT,2,0,927,970,5012,11101,16257,19652,17065,13339,13820,12712,12406,9439,7818,6673
AAACAGAGTTGAGGA,7,1,1580,2280,1585,1620,1636,1212,777,488,452,303,221,212,165,78
CTGATTTGGGGCGTA,7,0,862,642,330,588,660,310,334,227,139,90,86,14,20,42
CTGCACGAAAGTATA,3,0,40,75,2,48,89,138,836,2533,2774,4026,3210,2902,2288,2617
CTGCATGATGTGATT,7,0,960,1145,1090,1003,1025,712,451,243,226,282,170,108,62,32
AAGTCGTTAGAGAGT,7,0,721,950,631,663,613,434,305,251,208,123,119,62,6,23
CTGGCTGTTTGAGTC,7,0,1043,1284,1371,1179,872,585,420,401,313,249,168,128,88,51
AAACAGGACGTTAAC,7,0,814,1543,659,861,916,814,431,355,256,128,88,45,92,75
CTGTGTTCTTTACCA,7,0,570,718,1001,564,539,384,285,183,229,112,35,65,13,32
CTGTTTCGAGGGTTG,3,0,339,451,259,199,360,407,621,1176,1732,2074,1835,1869,1381,1273
CTTAAATGATTGCAC,7,0,586,859,732,632,702,669,592,384,366,215,121,40,21,32
AAGTGGTCACGTTTCA,8,74800,685,829,327,679,552,424,267,162,176,137,49,9,25,37
CTTATGACGTCTGTA,3,0,299,326,191,322,299,310,459,920,1226,1319,1113,1203,804,727
CTTATGCCGAAGAAT,7,0,1259,1071,1231,1109,1135,863,377,406,331,267,157,84,33,34
