Center,clonal_cluster_ID,6h,12h,1d,2d,3d,4d,5d,6d,7d,8d,9d,10d,11d,12d,13d,14d,15d
TGGTGAAATGAGACA,3,5673,3956,6791,2256,2110,1961,1272,503,1463,1407,546,13,6,208,355,0,1
TGGTGGACAACTTGT,3,47,196,37,730,663,471,372,110,1008,192,0,0,0,1,177,1,0
TGGTGTAGTCAGTAC,3,295,2999,301,10055,9165,9029,7306,4559,2771,1766,2467,458,1120,1031,412,180,501
TGGTTCCCAGGACAT,9,70,52,321,68,49,11,669,711,667,13,1,272,12,0,0,102,359
TGTAAGTTCTAACAT,10,3857,1224,5184,273,292,245,204,498,4,0,4,0,183,4,1,0,0
AAAGGACGCCATTGG,3,246,1113,212,4588,4268,3960,2897,1150,2410,1106,871,1231,296,277,4,0,0
TGTACTTTGTCACGA,3,2294,4399,3601,18332,16479,16871,29273,24506,18983,10813,10356,5996,4197,5131,3375,3790,5154
TGTAGCGTGCACAGT,7,131,406,264,1002,906,496,1907,1033,872,16,0,1,0,273,457,2,205
ACGGAATTAAGGAAC,8,16,0,1,68,26,1012,1698,1241,1810,404,697,283,18,3,223,0,1
TGTCCACCGATGAAC,3,0,619,1,922,834,952,1156,268,30,318,802,18,190,10,217,0,243
TGTCCGTATTGGCGG,3,250,270,305,1063,932,1115,1014,672,1433,739,1,319,188,245,127,2,0
TGTGGTAGTGGAAAC,3,143,578,305,1055,951,1086,920,746,166,408,0,1,90,172,3,0,0
TGTTAGAGTGCAGTG,2,0,0,1,157,150,308,1021,354,943,254,298,13,1,248,295,2,1
TGTTAGTGATTCCGT,2,0,0,141,470,438,857,2421,1852,1611,451,813,436,362,250,14,232,1218
TGTTATACTGATGAT,2,80,1,144,163,180,791,2410,2182,1314,346,203,230,8,501,5,220,588
TGTTATATCGTTGGA,2,241,33,130,238,211,677,1544,2131,874,392,321,123,124,136,214,637,415
ACGGCTGTGGTCATA,3,240,632,396,1283,1232,1166,530,792,2382,41,1,274,9,0,0,1,143
TGTTGTGAACAATTT,5,288,210,299,100,102,95,918,1132,328,118,402,341,151,467,166,67,402
ACGGGATCCCCGATT,8,114,88,97,42,38,1186,1285,539,1159,411,390,10,2,2,0,0,0
TTAAAATGCAAATCA,3,202,1132,225,3859,3608,3650,2899,891,4142,913,639,284,14,222,261,340,122
TTAAAGACGTTGGCA,2,142,3,211,200,187,1340,2485,1420,815,157,826,576,242,197,701,232,134
TTAAAGCTCGGATGA,1,251,9205,284,59324,53905,62060,58690,67182,242655,448688,616045,669501,784717,630587,693916,439369,649051
TTAAATTGTACGAAC,12,354,74,672,52,44,352,489,427,4,54,683,228,205,7,136,53,1
TTACGCGATCTTAGT,3,757,1389,842,2950,2679,3203,4283,2397,3078,1439,362,300,474,60,319,245,129
TTACTAGCGCAGATT,3,19,966,85,2793,2449,1917,1842,1068,1378,390,1,1,0,0,1,0,1
TTAGCATAGACTATT,3,37,1499,3,5123,4638,3735,3170,1581,1195,1409,1020,30,455,311,13,191,3
TTAGCGTGTATCGTC,2,9,0,0,302,299,281,1064,1065,929,19,0,0,466,155,255,192,448
TTAGGACGTACTGCA,3,185,11566,756,41608,38357,45111,58505,37256,33328,24908,21490,12731,7812,6530,6528,5468,4274
TTAGTCCGAATTTCC,3,110,215,75,562,501,1137,1029,747,619,273,0,1,0,1,0,240,4
TTAGTGTTGGGACTG,3,32,3229,137,8195,7385,7318,10042,6214,3721,2572,2646,737,1013,1530,614,1086,355
TTATAGGGATATGGC,3,12,102,2,1049,898,789,621,319,286,434,0,167,161,3,0,0,0
TTCACCGGTATAGGT,4,307,94,309,83,58,267,492,475,611,10,359,255,134,122,2,0,0
TTCAGAAATTCGGGC,1,169,61,113,62,43,822,1669,1196,977,549,603,2646,1766,3275,1644,1831,1776
TTCCTACAATCATGA,3,249,1539,300,3345,2842,2710,2122,428,1612,648,652,777,334,14,2,0,1
TTCGAGGTGCAGATA,8,4,1,0,10,11,904,1115,362,5,1,250,322,15,2,210,1,94
TTCTCGGGAGCTGTA,3,0,109,1,603,505,526,333,221,1040,193,433,13,4,2,0,111,1
AAAGGGATGGCAGTA,6,95,186,136,729,661,748,1347,1168,442,11,1583,209,267,338,7,2,0
TTCTGTCTAAAGCGC,1,151,191,321,3668,3139,4699,44559,43867,35814,39705,62199,74250,74996,84249,71303,104076,124898
TTGAAACTTGGCCTA,2,154,6,492,697,688,1024,9932,9768,4407,2936,2704,1490,2431,2799,1354,3354,2651
TTGAGCGCTCAGCGG,3,169,241,139,1612,1404,1417,1309,484,607,779,106,1125,266,20,1,0,1
TTGATAACGGATCCC,3,331,6623,564,24563,22610,20924,29159,21767,16649,10339,5081,5851,3785,2882,3388,3540,4306
TTGCACACAAAAGAG,2,118,5,138,429,403,1498,2454,1526,1848,953,182,470,204,279,1127,400,498
TTGCACGCAAAATGC,3,1152,2281,1122,6047,5534,6560,5691,3272,2259,2046,207,639,132,6,442,293,7
TTGCGTTTATAGATG,3,14,1204,4,4322,3907,3361,2541,1327,1307,1293,383,360,208,104,266,63,69
TTGCTCCCGGGAAGC,3,269,4466,211,13851,12468,13160,11175,4581,5725,4991,3081,4089,5095,4309,8045,5973,15416
TTGGAGCGTGCTGGG,5,2665,633,2166,71,63,216,570,313,350,6,314,9,2,121,2,156,3
TTGGAGGCTATCTTT,3,343,631,418,1682,1589,1336,1466,746,660,570,0,0,1,180,291,1,1
TTGGAGGTTGTGGAG,4,270,264,319,103,96,70,1573,1438,611,64,724,449,23,223,4,293,678
TTGGATTAGGCGCTG,3,212,1430,125,4133,3648,3413,2576,1314,1331,2215,1506,416,128,130,170,149,5
TTGGGATGATCAGTC,3,49,301,55,573,452,413,305,0,329,7,331,252,17,1,0,165,2
TTGGGTAGCGACCGA,9,110,37,135,84,84,75,1432,1033,13,1,1,0,185,587,7,0,236
TTGTCAATTACTAGT,8,39,268,63,528,468,526,1003,897,345,619,175,10,37,1,149,357,398
TTGTCAGTGGAAGGT,3,24,3660,66,14015,12688,11416,10742,5564,5188,4771,2613,1448,1007,1484,679,504,925
TTTAAACTAGCGGGC,3,749,443,1267,1216,1068,1205,659,434,315,183,1,177,327,159,169,180,3
TTTAATGCTAGGAAA,3,2152,1935,2459,6126,5291,5033,4581,2287,2876,1873,1373,467,508,549,255,121,135
ACTAAAACAAATGCT,3,21,378,0,1408,1311,1698,1475,1090,869,575,624,11,217,7,221,301,1
TTTAGGTCACTCGCA,3,9,380,38,962,882,468,532,339,188,4,317,11,2,1,0,0,0
TTTCACTCATCCTGT,3,47,856,20,4534,3877,3549,3496,2212,4514,3259,1509,1072,996,760,504,82,289
TTTCATGGGTGTCCC,2,38,2,124,95,113,67,1043,1015,758,131,2,268,8,203,44,229,149
TTTCGGTACAAGTGA,3,119,313,205,646,613,469,1114,1358,610,173,506,138,202,134,77,101,531
ACTAAGTGGCTTGTG,2,18,7,363,552,506,436,6465,4658,3995,1254,1677,1534,747,1390,388,968,1846
TTTGAATGGCGCCTT,3,67,266,61,882,739,561,572,101,281,181,124,245,61,91,1,0,0
TTTGACAGGGGATTA,3,1888,1386,1894,2002,1923,1960,1479,1105,423,283,276,115,8,2,0,0,0
TTTGAGGGTGTCTCG,8,306,173,350,316,280,565,736,771,471,639,1079,23,346,11,346,110,294
TTTGGCTTCCGAATC,3,10,972,3,4036,3424,3134,2429,1377,1913,771,377,478,377,95,103,114,100
TTTTAGACGTCGAAA,3,41,636,72,2781,2462,2717,2234,1555,1707,979,607,257,362,408,166,91,81
TTTTATAGGATAATG,3,284,440,284,1882,1624,1675,2047,1510,1509,828,528,139,185,344,162,93,257
TTTTCGTTGGGGATA,3,1,192,1,1041,789,820,602,338,411,334,120,106,80,79,41,29,20
excluded low count,10,14823,5311,13144,1337,1451,1353,1662,982,1020,621,658,479,421,381,437,281,442
AAAGGTGACGCTAGC,3,242,1149,145,4578,4142,4153,3274,2399,1990,1466,865,1587,120,8,456,32,328
ACTAGGCTCGGATAT,3,321,2327,353,6933,6461,6274,5270,3365,3673,3179,874,207,849,175,8,239,302
ACTATCGCACCAGTT,10,696,423,1059,579,502,349,175,253,2,0,434,328,21,2,1,0,0
ACTATGCCCCCGAGA,3,118,2324,265,6819,6306,6203,4818,1941,4478,1285,478,814,50,598,7,0,0
ACTGAGATAGGAACG,3,356,928,718,3676,3477,3054,8378,6410,4767,4327,1980,3349,369,1191,677,1706,698
ACTGATTGTGGATGC,3,1431,1173,1389,1143,1035,990,1967,871,1825,2227,796,545,288,143,241,196,289
ACTGCGAGCGTTCAT,3,41,1407,110,5406,4876,3790,3051,1588,1485,1250,1238,453,147,376,311,2,0
ACTGGATCTTTCCGT,3,70,1354,31,2744,2541,2064,1949,900,10,0,829,671,35,213,3,0,0
ACTGGGGCGGATGGG,3,1102,1037,1190,3653,3329,3978,6747,5782,3686,880,2197,819,1207,1354,1086,1532,1840
ACTTAAGGGCATGGT,3,75,764,89,1849,1815,1605,1022,133,721,5,0,1,315,173,6,0,0
ACTTATAATTGCGCG,3,199,611,725,1269,1080,1054,719,279,857,636,445,8,230,9,3,0,0
ACTTTATGAGGGGTT,3,149,189,249,1145,987,749,837,459,676,339,0,1,359,16,1,0,0
AGAAACAAAGATGGA,3,46,3908,3,3189,2994,1515,1047,151,700,435,272,175,8,137,287,214,7
AGAAGCAAGTTATGG,2,99,3,202,387,358,553,3016,2914,1269,1263,1150,28,484,286,369,328,287
AGAAGTTGTGCCGTA,3,782,9953,1114,22086,20628,17542,13435,6203,11410,1933,4767,2269,1497,1292,716,676,974
AAATAAAGTTAACGC,11,262,91,347,104,115,369,508,412,694,331,596,16,216,10,218,289,2
AGAATCGCCGGACGG,12,493,268,622,114,113,514,445,357,9,1,889,20,253,443,246,0,2
AAATAATTAGGCAGT,2,29,1,0,99,80,97,859,922,440,352,0,0,1,307,117,164,306
AGAGAACTGTTGCGG,3,30,11699,113,38139,35388,36417,39580,26661,24077,15729,8787,5330,4176,3954,4047,3422,4028
AGAGAGTAATACGTA,3,69,25664,158,88957,82956,76038,61463,32171,43876,26122,14619,7552,8546,6235,5480,2621,4256
AGAGGAAGCTACCGC,2,30,0,2,137,139,1093,1286,2159,654,393,1075,30,12,614,739,111,3
AGAGGTAATTCGAAG,3,621,338,1103,1487,1374,1538,1179,359,398,402,843,358,24,273,3,0,2
AGATAGATCTGGGGT,4,36,82,48,1,1,971,1536,1072,442,5,447,202,9,5,0,0,0
AGATGGTCTAGTGAT,12,966,203,1148,43,52,0,363,289,3,0,187,6,3,122,2,0,0
AAATCAGGTCTCGCA,3,57,935,1,3447,3314,2951,2643,1322,2308,1770,453,1720,304,152,262,121,0
AGATTCAGTTTAAAC,3,80,13936,15,36312,33652,27246,24190,10902,15375,9817,4219,3072,2562,610,1025,280,146
AAATCCTGTCTTATC,3,186,229,478,591,576,310,275,58,778,13,0,1,217,11,0,0,0
AGCAATTGTATACAA,3,296,3498,413,6903,6431,5345,4926,2356,1832,3390,1176,2731,643,28,5,144,381
AAAACGTATATGCAG,3,204,469,443,1226,1180,671,512,65,1067,484,0,0,226,313,4,0,0
AGCCCAACGTGTATA,3,38,674,0,4214,3876,2127,2182,592,2870,252,0,3,88,447,9,0,0
AGCCCGTGGTGACAG,2,48,1,79,606,546,468,3318,2540,1801,1482,4,1260,634,601,651,579,152
AGCGGTGTCGGACAC,3,467,1501,454,3228,2869,2324,1970,545,333,1001,348,286,200,238,175,181,6
AGCGTTTCCGTTTAC,3,0,3413,224,8071,7171,5798,7621,4685,6187,2930,1954,1545,413,432,756,430,724
AGCTCGGAAATTTAT,3,595,3245,391,7813,7203,5427,4144,1437,3396,2310,586,130,180,225,135,2,1
AGCTTATAGTTGAAT,3,61,1294,23,2246,2042,1839,1705,378,1282,24,777,1071,354,15,7,0,0
AGGAACTAAGAATGG,3,44,787,42,2226,2056,1761,1501,442,672,206,652,318,630,21,246,1,1
AGGAGGAGAATGGAA,11,223,1,45,26,27,3820,4103,1991,3115,1269,444,654,607,315,87,212,4
AGGATGCTGGGAGGT,3,61,876,175,2582,2351,2049,1410,718,1899,233,413,570,23,128,3,0,305
AGGATTATTGCGGCT,3,431,178,653,126,124,203,947,1656,246,1,406,199,7,2,0,455,8
AGGCCACGCTAGTAT,4,460,147,765,16,9,299,233,478,481,7,759,433,262,16,4,101,1
AGGGAATGTCCGACC,3,34,1070,19,4685,4390,2522,2539,989,1121,1274,1084,174,426,14,241,0,0
AGGGGCACCAAGGTT,1,0,0,1,133,135,319,237,304,898,1424,2459,1214,860,158,434,853,388
AGGGTGGAGTTTACT,3,30,355,43,4224,3754,5388,3961,1439,1756,368,1,1,2,2,0,2,1
AGGTCCGCCTGAAGT,3,55,590,228,1053,942,763,701,221,1,444,385,62,5,1,0,0,0
AGGTGGGAGGTGTAA,2,113,375,632,2409,2337,2909,18123,18841,14109,4257,4183,3501,2278,4955,1776,2660,4559
AGGTGTTTACCCGCT,3,1,552,32,3192,2974,2372,3131,1961,2516,955,571,529,823,315,221,206,506
AGTAATAGCAACTAT,3,0,2170,76,4773,4437,3223,4717,1691,1823,1403,799,400,130,8,327,0,1
AGTACGAGATTCTCA,3,75,2654,251,9603,9233,8396,8818,4847,5511,2261,452,1743,1791,671,255,478,8
AACAATATTATTGCG,3,74,851,260,2078,1869,1793,2631,1580,1807,2101,1,417,509,292,282,1,729
AGTAGGAAAGTCGGG,3,33,2228,131,7231,6801,5492,4956,3116,1952,1822,789,949,556,541,263,238,2
AGTCCTGGCTTTGTG,3,487,673,409,2416,2093,2031,1245,640,997,691,877,32,370,92,197,0,0
AGTCTTGACAAAAGT,3,42,11450,207,40724,37163,36893,35103,16732,25185,9612,8991,7674,3479,5765,3135,1349,2712
AGTTAAAGTTACCCT,6,1,2,157,144,154,161,940,680,516,6,334,12,3,263,2,1,466
AGTTCGTCAAGGAAA,3,20,3620,11,10855,9907,8280,7704,2741,6025,2116,811,1190,764,309,252,227,603
AGTTCTGGTTTTCGG,2,13,1,1,70,65,121,337,420,1222,660,492,15,4,208,406,0,0
AGTTGAGAATAGATA,1,191,2017,276,19489,17966,18151,18423,12303,48287,97561,145723,156958,163057,99260,81060,50747,63263
AGTTGGTAAGACTGA,12,822,722,1252,1005,897,593,733,574,6,394,450,12,0,0,0,115,2
AGTTTCTAGCTGTGT,3,172,1409,169,2195,2088,1669,2303,480,1152,1063,207,362,196,451,6,0,0
AACATGACCTGGGGG,3,3208,1739,2629,1964,1781,2530,1900,1187,2310,850,1300,239,14,447,245,0,2
ATACAACAGATTTTC,2,30,1,56,1328,1268,5601,9262,6354,5743,3110,3509,2400,1045,2081,1658,1329,518
ATACCTAGGGACGGA,1,321,51,215,178,180,384,2935,3412,1308,3063,5428,3899,3353,4499,10441,4057,7243
ATAGAATCGGGGGGT,3,625,1734,793,3573,3293,3358,3331,1424,3197,661,1634,41,18,344,177,175,2
ATAGATGGTAACCTG,3,26,598,22,791,689,700,613,375,860,420,0,0,1,96,1,0,0
ATAGATTTAAAGAGT,3,5,250,2,1521,1339,1198,566,768,419,42,710,24,6,2,0,0,0
ATAGCAGCCGGGGAG,5,3411,1392,3639,132,121,354,713,463,216,349,1305,33,113,736,4,2,586
ATAGCCAAGTCATAT,3,2474,2937,3091,5256,4940,3863,4097,2409,3834,978,864,1042,263,230,121,203,9
ATAGCTAGGGCGTGT,6,133,0,166,296,268,1037,2141,1864,1420,668,1558,343,409,359,337,3,409
ATAGGCCAGAGCTGC,3,8,1092,76,3865,3643,3040,2932,972,1029,887,1033,525,666,38,6,176,313
ATAGTAGGACTACTC,3,79,4471,5,12828,12191,12770,9856,4657,5912,4808,2940,393,1605,512,704,111,869
ATAGTCGGGAAACTA,6,119,1,47,107,97,631,583,520,214,5,0,0,202,3,3,1,765
ATAGTTCGTTACCAG,2,1,81,59,556,501,371,1298,813,739,375,1,2,236,607,11,0,614
ATATCCTGTCAATTG,5,1573,637,1793,291,300,352,2651,2058,1910,620,934,1036,155,1318,442,699,481
ATATGAAGATCTTGT,1,342,33,230,307,311,1023,3312,2804,2475,3564,1743,1483,1758,3598,586,2630,3760
ATATTAGTTCAAGAG,3,30,570,87,2299,2120,1879,1689,544,1222,356,0,0,1,0,1,2,636
AACCGAAAAACCTTG,5,854,338,1197,22,15,92,95,116,371,11,327,11,5,0,0,0,267
ATCAAGGAGTTGATC,8,18,1,112,72,69,354,963,458,648,465,837,38,4,1,82,1,0
ATCAATGGATGATCA,3,484,753,293,2595,2405,2331,1733,1388,857,1686,1271,32,11,4,3,219,6
AACCGATTCGAGAAG,3,4009,95614,5692,311543,289623,277393,274346,147167,202424,125949,130859,107856,102176,72906,64171,42929,44031
ATCATTAACAGGTAT,3,339,5659,277,19349,17786,15714,13854,6088,10900,3711,5030,2764,2194,2755,625,174,317
ATCCAAGTGAGCCGA,3,452,6398,241,20854,18933,16140,12620,5756,10926,7352,4095,2105,1067,2106,1333,245,721
AACCGCCCGCTCCTA,3,5,4054,4,12088,11196,11031,10923,5202,5237,3431,2327,985,897,1158,558,435,9
ATCGACGAGACAAAC,3,4388,17599,4761,58271,54119,47292,38185,21184,29014,16343,9711,5664,4606,2168,1855,1382,734
ATCTACTCCGATCAA,12,542,475,686,178,159,439,558,222,3,0,807,24,2,231,2,0,0
ATCTATCGGAGGAAG,2,28,4,270,688,589,620,8681,7102,6010,3111,2783,1743,986,1180,1246,2506,2527
ATCTGGATTACCGCA,3,65,609,55,1365,1309,1579,1144,568,673,223,1159,26,253,304,230,0,2
ATCTTGCGGGCAGCA,7,137,0,62,59,51,515,825,839,552,7,0,0,3,402,108,1,0
ATGAAGTTATCTGAA,3,1102,1355,1157,1643,1544,1447,2089,848,833,232,836,36,212,7,4,0,0
ATGACTAAGGTACAG,3,6,2583,157,4453,4095,3494,4991,3503,2257,1164,829,376,122,745,9,0,322
ATGCGGTGATAGAAA,5,605,155,168,10,8,349,1011,769,470,242,442,16,5,140,137,211,354
ATGCTACGAGTTGAG,3,30,10111,835,48856,45266,28612,58618,47479,38993,37191,41437,32157,39299,27979,23815,12650,13379
ATGCTCACAGAGCTA,3,0,344,0,708,660,582,449,226,744,10,5,874,260,13,0,1,0
ATGGAAAGATCGTTC,3,147,2886,240,11510,10389,9752,9818,3679,5600,6311,2557,1391,655,441,932,106,4
ATGGAGCAGAGAGCC,3,36,3914,3,7293,6898,5012,3928,2302,2396,2914,777,301,641,441,525,0,1
ATGGATGGGGCCTTC,3,23,4132,8,16223,14576,12994,12303,4815,6630,4228,1113,1768,1368,1022,1383,428,415
ATGGCTAAGTGGCAAT,3,53,577,0,1853,1647,1357,1330,629,566,1167,415,13,2,2,0,0,0
AACGCCACTTTGCAC,4,272,145,369,263,234,325,768,1065,470,398,645,351,17,289,2,0,289
ATGGGTTCCTGTAGG,12,810,243,881,174,159,934,1370,1098,15,373,1046,15,414,144,140,0,1
ATGGTAATGATTGAC,9,75,0,115,5,14,2143,2586,742,1470,1734,1,1,229,8,2,0,0
ATGGTATATGGGCTA,3,1060,962,645,3916,3495,3986,3069,1463,2050,2037,453,659,348,13,230,253,671
ATGGTTCATGAGGTG,8,30,0,92,178,178,639,1206,1543,777,357,1045,175,9,125,237,1,149
ATGGTTGGTTGGGCT,3,244,855,165,3153,2884,2104,2158,544,1247,15,199,756,137,284,9,92,1
ATGTAGTCAGGATGG,8,17,3,82,27,16,1199,1301,756,444,196,449,10,1,1,0,0,0
ATGTATGGGTCACCC,3,254,1764,105,6158,5766,5212,4268,1929,3321,3077,1063,698,281,634,494,197,10
ATGTCCAAGACCTG,3,184,622,83,1221,1215,901,694,444,8,0,758,18,240,8,4,114,1
ATGTCTAATTGTGGT,3,19,426,31,1958,1686,1528,1110,1063,1058,17,1,353,411,28,0,0,0
ATGTGGACCCGTAGG,2,61,3,171,517,460,479,4370,3195,1713,44,1619,1199,392,977,770,1162,1636
ATGTGGGTGCAACTG,10,1505,326,1232,155,132,111,422,335,2,1,232,147,5,1,0,134,197
AACGGATATAGGTGT,3,130,3779,82,11351,10561,10676,9317,4512,6899,4399,1106,218,362,583,273,637,11
AACGGCGACAGCTCT,3,148,9268,265,34717,31868,29481,28463,15846,20251,9983,6268,4067,3730,4820,2173,1110,1133
ATTAAGTCCAGGTTA,3,26,3468,1,3982,3760,1276,1167,390,184,9,303,10,1,0,1,0,0
ATTAGTTAAGCATAG,2,3,0,127,580,536,492,4257,3880,1072,196,1203,561,416,375,496,1324,2125
ATTAGTTGTAGCGTG,3,1,423,2,1204,1074,902,584,69,2,750,435,15,106,2,0,0,0
ATTATGTTATTGGTG,3,53,1,1,225,214,519,594,1092,428,9,396,303,5,1,1,269,4
ATTATTGCTTAGCTT,3,44,39816,1131,148602,136910,133208,133402,75176,107282,51968,34134,17730,15570,12694,10166,9704,11651
ATTCAAGGGGCCGAA,2,236,2,163,618,563,2486,3502,2679,3190,1087,831,21,378,918,1370,732,1009
ATTCACTGACTGCGC,3,13,994,2,2637,2212,2449,1662,810,1055,571,697,17,199,5,94,0,0
ATTCAGTCTTACGAT,1,173,146,343,1162,1043,2010,25988,13662,9893,10531,9318,15984,15254,13820,5572,15400,15832
ATTGAGGGGGACGGC,3,2,1404,1,5371,4882,3787,3433,1751,1042,2626,408,10,95,7,1,0,0
ATTGATGCCACGCAT,5,777,142,839,294,248,216,1848,2422,704,11,850,556,26,442,123,1153,1409
ATTGGATTTTAGGGC,1,195,805,269,8892,8243,9919,8609,8413,26666,59379,90976,101720,112011,76696,71060,39407,50162
ATTGGTTCGTGGTTT,1,188,285,318,2980,2702,4082,4349,3987,2863,5781,13745,11808,12934,15750,49992,14495,13458
ATTGTGTAGACCAAT,3,191,178,121,1087,1032,999,824,191,422,164,1215,26,5,166,2,0,0
ATTGTGTAGCTACAC,6,50,263,45,278,278,2180,1658,1722,1478,542,879,397,427,310,147,0,307
ATTGTGTGATACCTG,3,741,711,641,1251,1176,1108,1671,917,670,1128,216,7,2,375,5,119,142
ATTTGCGCGTACAAC,3,48,428,218,2132,2022,2860,7640,6641,7346,964,3977,630,346,1009,586,1093,1080
ATTTGGGTTAAGGAA,3,424,1930,449,4122,3851,4046,3937,1314,3095,1742,731,375,294,14,94,0,0
AACGTTTCTTGAGTG,3,96,825,95,4396,3868,3019,2653,1480,1866,1689,783,517,132,230,5,0,1
ATTTGTTAGTCCAAA,2,36,1,34,175,168,696,1246,942,96,492,168,306,10,240,404,2,289
ATTTGTTCACACATT,3,407,1933,157,4994,4691,3718,3506,1268,2267,1444,346,641,447,25,104,0,295
CAAAGGGGTATAGCA,8,474,92,451,221,234,325,2535,2742,1033,634,1540,747,382,19,563,540,1012
CAAATTTTGAGGGGA,12,2180,963,2834,245,203,86,351,287,3,355,0,1,0,280,6,0,0
CAAGCCGAATGCACT,3,6896,3998,7108,3502,3275,4588,4162,2129,3579,1570,2636,581,257,304,86,3,0
CAAGGTAATCTGAAG,3,778,598,644,775,656,628,595,201,664,845,0,1,1,0,238,0,0
CAAGTTTAAGAATCT,3,347,665,190,1153,1074,786,889,123,2,0,379,10,265,13,1,0,0
CAATAAGGAGAGGAT,1,306,132,398,506,469,535,353,395,2160,3591,9740,9146,7959,4945,5474,2921,1996
CACCAATCGTCAATA,3,728,957,674,1375,1235,1052,996,224,189,388,201,361,12,136,2,0,0
CACCACGAAGAGGGG,3,95,272,64,2608,2402,1818,1810,1013,2986,1506,1261,224,241,18,4,0,173
CACGTGTAACTGCTT,3,151,1865,96,4672,4140,4575,3294,756,2732,658,1892,722,692,333,276,78,7
CAGAGGAAAGCGCGA,2,1,2,1,253,258,474,7229,2383,2355,2269,877,327,242,281,9,214,320
CAGATTAGCAGCCAC,3,13,1942,36,4809,4445,3702,2655,2012,915,1603,458,523,92,9,462,2,0
CAGCAAAAAGGTGTG,2,80,4,370,536,539,581,6371,4686,3331,2266,2492,965,321,1400,793,640,1191
CAGCGGTAAGTGTGC,2,14,3,0,398,381,1694,2562,1911,1252,431,2857,229,503,1797,1258,878,180
CAGGATAACAAGAAA,9,104,2,272,50,74,128,1131,1228,1130,423,1,370,16,5,1,0,365
CAGGGAAGGTGAAGA,3,2620,9178,2198,17697,16336,14576,13500,6931,10842,5465,1072,1739,1650,696,1233,384,10
CAGTGCAGTATAACT,2,50,1,106,140,110,86,987,1019,242,175,0,173,120,565,252,212,350
CATAAAGTTGATATT,8,21,2,47,200,171,855,1104,1724,19,173,0,191,6,1,526,0,0
CATAGAAACCGGTCC,3,497,701,907,2556,2388,2007,2802,2556,1401,592,776,356,576,432,14,402,335
CATAGGTATTCGTTT,3,155,1152,232,1412,1301,1019,832,645,190,368,2,0,0,1,1,0,0
CATATCGTAACGGTA,3,5,1780,2,4357,4041,3425,2602,1360,2040,3525,1110,40,210,3,502,0,0
CATATGGGCAGAGGT,3,12,284,1,1219,1174,886,1044,134,1,205,218,3,218,13,2,0,0
CATCACAGTTCAATC,2,141,70,233,485,449,979,5514,6545,2734,903,1068,1480,890,1078,522,1117,510
CATCCGGCCTATTGA,12,132,3,136,231,223,485,935,776,7,3,285,6,138,607,192,174,3
CATGACTTAGAGTAT,1,126,163,241,150,168,469,2838,2886,973,747,2341,2741,2229,2836,1511,2825,2703
CATGAGCGGCCTCCC,3,138,163,43,1395,1271,1036,870,171,447,459,293,258,151,4,141,0,0
CATGGTGAGCTGGCT,3,8,2,55,321,304,1466,1902,646,1581,618,766,171,416,20,1,237,3
CATGTATCGTTTGCC,3,8273,5526,9741,5600,5330,4498,4186,2031,1203,1784,765,183,989,316,228,173,81
CATTACAGTCTGTCT,3,119,9306,14,29710,27462,25150,20929,9590,13139,10069,4881,2817,3340,2211,1464,741,824
CATTGTTTGGAGAAC,3,136,2559,119,5773,5397,4050,3059,1311,2714,813,177,607,208,12,3,1,137
CCACGGTTATATGGG,3,6,427,50,1708,1577,1065,1643,1965,1720,648,408,406,734,826,11,1,372
CCAGATGAGAGCCCA,2,38,91,511,1179,1073,1330,12951,11301,9828,5195,5427,2515,1643,3709,1180,3162,1632
CCAGCCCGATGTGGA,3,384,3894,379,9484,8798,6953,6842,3924,4550,1657,748,733,159,927,20,1,315
CCAGTTTTTGAAGTC,3,1,403,34,1887,1820,1286,2149,1185,1978,1012,1398,342,67,535,197,599,6
CCATACTTTGTCTTT,11,182,230,77,82,74,28,877,815,1083,651,0,0,262,12,205,183,5
CCATTGCGAGCCACT,3,20,1900,3,3135,2891,2560,1681,516,1215,401,215,3,99,6,1,0,0
CCATTGGGTAACCCG,10,390,232,544,74,70,1090,1066,827,13,4,220,405,15,1,2,1,0
CCCATCAACAACGCC,3,1131,811,1203,741,655,862,932,546,995,17,230,343,20,1,1,0,159
CCCATTAGTGACGGT,3,5,333,0,348,380,2389,3018,1533,1328,811,1678,340,606,315,346,0,184
CCCCCTTTGCACTCA,2,10,1,76,314,262,705,1557,834,819,13,1385,44,72,519,174,291,232
CCCGGTAGATCAGTT,3,41,55391,2404,134041,124054,111174,133591,77178,69598,44723,28839,18571,17588,16966,10437,11666,9548
CCCGTGCGCTTTTAG,5,638,142,928,76,69,47,608,972,288,165,211,6,2,197,3,182,60
CCCGTGGGTTCAGGG,11,66,51,58,133,108,129,1249,1738,1159,20,335,411,351,707,209,351,5
CCCGTTATAGCGACA,2,1,0,0,105,95,344,1478,1239,1293,21,345,190,200,1129,10,332,4
CCGAATCCTCAGCCT,2,350,2,159,134,139,103,1995,1719,2131,904,1,529,30,684,225,293,666
CCGAGCGCTTCCGGA,3,29,963,13,1457,1407,1500,1198,642,735,15,2,1,408,17,2,230,1
CCGAGGGCAATTCCG,3,1,2964,4,10588,9796,7389,6985,3737,5111,2280,3152,1696,1185,369,630,498,376
CCGCCTCGTACGCAG,3,41,813,100,1971,1865,1464,1411,624,1432,452,465,15,333,20,4,0,0
CCGCTATAACGCAGT,2,55,1,50,259,273,816,779,635,676,375,220,4,216,550,715,3,0
CCGGGCGATGAGCGC,3,105,531,3,1497,1347,1236,479,371,267,6,1,323,11,1,1,0,1
CCGGTGCCGAGTTGT,3,95,200,71,946,791,642,670,443,339,420,1,181,7,0,80,0,0
CCGTAATATGATCGT,3,481,1419,721,3067,2783,2377,2483,2351,1569,1616,1190,45,98,368,205,189,6
CCGTACTAACGTACG,3,495,1706,729,3439,3199,3194,2478,730,2251,1355,920,763,27,274,4,0,0
CCGTCGCGCAACGCG,3,672,1359,696,2457,2258,1160,1087,456,865,397,212,111,41,2,1,0,0
AAGCCAGAAGCATGC,3,210,1255,250,3079,2965,2710,2720,2063,922,1115,932,523,151,413,246,1,163
CCTAGAATCTTGGGC,3,622,1387,566,4552,4211,3682,2849,310,1936,430,876,358,611,26,8,0,0
CCTAGCCTCCTCGGT,1,54,2,303,18,20,245,912,841,401,1508,1491,2030,1663,1101,983,1641,991
CCTATATATAGTGAA,6,11,3,1,20,21,1615,1187,869,1230,423,221,4,214,18,2,0,1
CCTGCGAGTAGCATC,11,937,409,1039,495,445,1678,1807,2107,1494,1278,1616,44,219,408,515,237,3
CCTGCGCTTATCGCC,3,0,686,1,1443,1327,1699,1813,800,255,6,1,1,302,159,8,0,0
CCTGCTAACATCTCA,3,227,706,41,2209,2115,1903,1441,905,627,576,3,0,1,297,255,0,0
CCTGGTGAAGCCGACA,3,1,2202,1,3580,3065,1207,757,482,389,5,0,1,222,11,0,0,0
CCTTAGTATACTATG,3,212,387,207,873,826,537,512,212,433,9,0,1,0,0,0,1,314
CCTTGGCGGTAGCTG,9,0,88,89,155,151,162,1581,1495,373,442,3,310,12,147,4,222,6
CGAAACTGGAAAGTC,3,7,15402,13,40975,38278,35421,27613,16820,21329,12259,8104,6192,3228,3262,2643,843,578
CGAAAGGAGGCATTT,3,257,1030,314,3218,2918,2763,3213,2397,1403,1495,320,300,414,460,187,188,430
CGACCATGCTTGCCC,3,70,3891,104,11174,10349,9069,8068,3922,6610,1320,1693,1905,554,345,652,560,5
CGACCCGATCGCTGC,4,964,405,1338,680,634,615,4361,5091,2409,1139,632,703,316,806,11,1386,2303
CGAGAGCGCAGCCGA,3,1639,2588,1154,8077,7662,6378,6475,2892,3742,3359,1382,298,535,28,209,219,4
CGAGAGTACATTTTG,3,10,443,0,1888,1739,1480,1487,969,369,353,853,401,22,6,1,0,0
CGAGCGTTTTGCGTC,1,934,597,1115,1435,1296,1428,1119,892,4453,6743,9003,12464,13862,8633,8818,4481,5700
CGAGGCTCCAAGTAA,5,576,931,736,898,864,680,566,619,302,309,1,1,1,233,1,0,0
AAGCTGTCAGGGGGG,6,112,0,2,136,124,116,764,795,696,16,245,353,22,402,5,3,456
CGCAAGGTGAAGATC,12,183,52,193,141,117,418,513,672,5,0,557,17,321,151,147,0,0
CGCGTTGGTGTAGGA,1,0,0,2,203,197,269,292,508,501,310,846,534,710,883,988,457,480
CGCTGTCAAATTAAG,3,15,0,79,101,90,45,896,784,591,724,405,13,156,7,1,187,1
AAGGATATACATTCT,2,1046,697,1144,863,819,736,7328,5483,4960,1259,2536,1331,592,1093,1040,1820,2374
CGGATAGGGGTTATG,3,1,478,1,3191,3053,2969,2103,852,2273,756,655,378,362,16,1,0,0
CGGATTTAGGCGGTC,3,231,605,184,809,750,1153,1120,844,184,1209,225,266,21,1,149,2,296
CGGATTTGAATAGGC,8,0,0,0,151,126,106,624,579,220,896,400,351,20,2,0,165,1
CGGCAACGGACTTTC,3,106,2669,184,7797,7426,5494,4027,1756,4566,1489,1286,755,151,541,465,115,2
CGGGAGTGGGCACCT,3,115,413,116,1736,1544,1208,968,368,332,7,0,0,0,1,326,2,0
CGGGCAGCTTAGGAC,5,5582,2065,5680,381,353,243,3399,2338,2963,1215,1456,39,958,474,271,189,574
CGGGGCGTATGGGGA,1,77,1028,8,6771,6129,6220,5517,5103,18608,32100,43026,49577,46076,36141,26393,16826,19946
CGGTATGTAGCTGCG,1,457,663,421,4784,4478,7719,9390,7569,7928,13329,28874,21580,25638,28360,98883,26255,24831
CGGTCAGAACAGATT,3,324,3097,311,11183,10470,7883,7441,3410,4263,3031,1636,618,1366,458,561,430,3
CGGTCGGGTGGGGGT,3,151,2496,138,9832,8708,7888,6134,3091,6101,2878,1694,948,602,228,255,303,94
CGGTTAAACATGCAC,1,14,3,11,2459,2234,3859,3861,4507,4312,9745,23492,12723,13072,24836,63203,10393,14155
CGGTTCATGAGGCAC,3,7,495,0,1627,1520,918,900,186,1640,202,350,305,190,8,1,2,0
CGGTTGGAATACGTA,9,4,4,215,102,91,119,497,797,539,10,2,320,11,552,80,298,5
CGTAACGGGACATAG,3,557,6466,636,22792,21468,18244,13440,7120,12108,5285,4149,3426,2028,2674,59,217,488
CGTACGACGGATGTT,3,0,650,1,1799,1679,1538,1101,300,724,1552,589,20,117,155,252,234,181
CGTACGGGTCAAAAC,3,342,403,363,386,375,629,839,234,1026,201,0,299,9,3,0,0,0
CGTCAGCGTGTCTAC,3,11,300,3,1083,901,759,676,265,561,211,0,105,60,2,2,64,0
AAGGGCGGCTCCGCA,5,4646,1184,4165,23,26,457,294,371,472,820,1,2,0,273,5,0,0
CGTGAATAAGGCTGC,3,280,1839,287,5595,5091,4131,3641,2228,3229,1882,1367,759,37,6,213,0,0
CGTGAGGTCCAGAGT,3,10,3516,9,12016,10681,10280,9705,4320,7223,3855,2779,1279,983,678,267,218,318
CGTGCAGGTCGCTCC,3,1,909,7,2795,2367,1861,1573,909,904,752,282,245,134,63,89,30,90
CGTTCCTAGCAGTTA,8,20,0,37,245,204,615,760,869,1022,1357,391,166,93,3,385,100,3
CGTTGTTTCGGAAGT,3,11,406,21,1630,1436,1304,1218,652,752,492,178,250,151,54,49,62,23
CGTTTAACCCGTCCT,3,8,0,1,359,338,1342,2214,2322,2495,1403,877,216,264,180,438,82,510
CGTTTCCCAACAGAG,3,22,273,0,1313,1169,895,714,353,714,12,2,252,66,253,4,0,0
CTAAAGCTTATGTAA,5,402,65,471,202,203,153,1952,2712,1503,25,189,8,293,603,16,582,455
CTAACGAAAGAAGAG,8,1680,752,2233,1446,1285,1672,2465,1120,1493,580,201,368,544,21,173,357,817
CTAAGATTGATTCTA,4,3384,1239,3142,1762,1695,2001,2862,1760,1334,28,1171,191,202,326,1,178,148
CTAATGCGAACTATA,9,159,89,72,19,9,1199,888,333,7,790,1,0,115,6,0,0,0
AAGGTAGCACAGGTA,10,195,1435,207,2018,1926,1501,1762,531,1,605,1,345,126,6,253,1,0
CTACTACAGGCTGAT,8,152,5,308,259,242,749,1594,644,163,706,969,491,26,3,709,117,3
AAGGTATCATAGATA,2,271,5,642,249,199,102,3263,4244,2880,482,1243,204,246,275,346,446,334
CTAGGCCCTGATTTC,3,269,5061,187,17977,16712,15675,14824,7118,11332,3160,4866,2084,2252,1311,38,379,607
CTAGGGCTCCGGGCA,2,12,0,148,516,534,292,4197,5075,2149,1264,328,814,494,1729,560,1851,2051
CTAGTAGAACATGTC,1,200,1,206,135,137,226,359,257,1427,2874,4230,2997,3516,2030,2310,607,1517
CTATCGGTTTGACGT,3,34,2316,3,8695,7889,7046,6186,3415,2052,1390,2740,1622,288,325,428,2,296
CTATTTCATCGAGCC,3,10,9067,267,45385,41361,39212,37944,18087,26058,11619,8882,5376,5490,2808,2491,1964,2203
CTCAACAACTAGGCT,3,696,1007,1136,2517,2213,2261,2162,936,2203,1314,759,678,425,281,411,1,0
AAGTAACCGGTTATC,3,4,267,0,1110,983,752,570,627,8,427,0,185,5,2,0,105,1
CTCGGTTGCGTTGAA,5,343,328,485,141,123,91,1434,1311,975,312,455,457,27,484,325,357,383
CTCGTTTTAGAAGCA,3,320,3334,540,15827,13932,11750,11573,5223,5120,3787,2441,1275,1673,824,841,2,663
AAGTACTAGCATCGA,3,841,1230,936,2887,2719,2859,2860,690,3885,750,892,404,401,9,482,1,0
CTCTTGGGCGTGCGC,2,12,56,158,130,100,176,2021,1821,1954,49,947,708,562,547,232,875,315
CTGAAAGAATGGAAT,3,2,347,2,1225,1147,935,1141,168,777,209,389,10,2,4,212,0,0
CTGAAGCTGTGGTTC,3,532,201,411,423,399,953,1349,573,1116,20,2,124,4,1,242,0,2
CTGAATCTTAATATA,3,134,498,202,3069,2897,2594,1930,739,1025,353,380,298,553,134,211,1,0
CTGCAGTTTACAGCC,3,9,250,0,2406,2061,1830,2186,743,1744,30,0,446,28,512,331,0,0
AAACACCTGGGAATG,3,236,1284,373,4899,4385,4481,4794,3050,1271,1972,3001,366,476,831,226,392,975
AAGTCCAAGTATACT,3,33,694,97,1592,1474,995,1064,330,1,2,326,352,19,182,3,0,0
CTGGCACAGAAAATG,3,258,2759,421,11094,10174,9366,7827,3121,5936,2893,1811,1683,422,333,238,1,268
CTGGCTGTTTGAGTC,5,879,4696,1251,75,59,109,982,705,627,11,0,1,0,0,230,198,149
AAGTCGATGGTTAAC,3,14,257,2,889,853,1219,802,812,262,1003,0,212,379,14,4,1,220
CTGTATGCGAGGGTT,3,260,18425,178,56326,52153,48105,41664,19708,27876,11581,6339,6092,4403,4128,1822,1028,711
CTGTTGTGTTATCAT,2,20,113,550,119,108,52,2550,2397,1220,276,427,535,292,913,179,624,344
CTTCATATTTCAACC,3,119,277,277,650,620,526,1244,1060,693,265,396,110,205,317,123,0,410
CTTCATTTGAGGGAC,3,30,1007,93,1368,1224,1194,958,456,720,164,287,162,133,22,37,0,63
CTTCGAGCTTCAATC,6,74,80,112,93,70,111,938,1214,284,516,319,122,86,209,201,1,134
CTTCGTAGGACAATG,6,1398,557,1254,413,379,1037,2104,1613,369,1134,1363,325,224,605,126,1,246
CTTCGTGAACTAGCG,2,0,0,15,716,611,450,4504,3503,2168,1256,359,1315,80,757,911,951,1572
CTTGCGTAGCTAGTT,10,444,94,693,102,102,67,217,312,358,5,565,346,22,2,0,1,283
CTTGGAGTTCAATGG,2,69,56,194,208,181,93,1992,1847,1781,2213,679,796,216,695,442,607,1223
CTTGGATTGCTACGT,3,35,5857,8,17141,15616,14037,11039,5818,7145,3908,2961,1832,1188,1079,455,436,236
CTTGGTCCACGCCGC,9,211,23,398,88,77,108,937,503,248,284,1,252,167,111,2,87,0
CTTGTGCCTGGTACT,3,743,1378,665,5874,5302,4703,3642,2098,1800,1008,1,898,608,115,356,95,2
CTTTGTCGGGATTCC,8,52,0,161,55,50,44,1544,907,527,276,1,242,84,3,0,0,0
GAAAGACAAAAATCT,2,1,1,101,241,189,36,1615,1432,438,11,705,1902,82,157,233,902,1090
GAAAGCCGTTCCATG,3,193,812,82,3054,2665,2303,2243,1442,3786,1445,498,184,309,372,109,321,6
GAAAGTGCTGCGAAT,3,36,992,27,3621,3401,2710,2339,1194,1769,1146,364,10,869,30,1,0,0
GAACAGATGACGTCT,8,78,74,75,1051,1006,635,342,233,5,408,0,1,0,1,124,0,0
GAACGCCTCAAGATG,3,332,13513,441,48623,44034,41233,39105,19897,28239,18392,10566,7362,5066,3516,1507,2439,3194
GAACGGTAATGGCTA,3,147,13514,194,50378,44961,43621,34827,16482,25430,12832,7865,6160,5804,2169,3019,1358,708
GAAGGGAGGTAATCC,2,8,1,239,444,430,269,2907,3024,2443,795,1013,697,367,307,100,705,391
GAAGGGCATGAGATG,5,734,107,621,23,31,107,326,392,416,7,255,7,211,5,114,0,0
GAAGGTGAATGATAA,2,12,0,0,211,167,165,1462,1634,804,742,388,648,441,477,131,148,803
GAATACTTGGCTTTT,5,1156,911,1832,458,455,359,908,715,516,388,0,119,2,0,0,0,123
GAATGTCATGGAGGT,3,81,4406,37,13080,11840,12034,10807,3758,6733,4107,1912,1416,1600,579,489,181,5
GAATGTCTGGCTGAG,3,105,329,148,408,391,427,1279,1817,622,8,119,309,21,118,1,93,4
GACAAAGAACTGGGC,3,33,564,153,1524,1383,1245,2501,1364,1195,1035,389,349,20,615,10,554,158
GACATAACATGAAGT,3,531,1512,857,4655,4344,6732,6873,4458,7235,1599,1539,401,453,274,1762,726,1215
GACATAGTACATCGA,8,34,219,40,172,199,2829,2573,1513,2040,34,894,388,222,16,627,0,0
GACCTGTCGACGCTC,3,99,435,70,755,722,558,498,199,573,172,1,133,7,2,36,0,0
GACGAAAAGGGAGGT,1,74,3910,109,34544,32685,33790,29638,25588,85099,164899,224688,237240,262527,159987,120864,76162,75471
GACGCAGGTTCGGGC,3,13,480,5,1789,1647,1621,1203,444,445,812,0,1,24,289,4,0,0
GACGTACCGTTTAAG,2,86,165,68,217,191,123,2669,1738,3005,846,987,31,208,321,9,683,264
GACGTCGTGCATCGA,3,263,107,233,784,705,631,1902,1302,1860,40,796,245,19,447,8,217,3
GACTACCCTTTATAA,3,24,499,35,2012,1763,1627,1246,476,1539,839,3,345,164,11,143,1,0
GACTGCTATGAAACC,2,3,1,110,206,167,117,937,1141,209,724,1,447,28,191,234,2,0
GACTTCGCTGGCACT,3,23,180,1,884,733,600,537,280,370,10,227,2,102,0,0,0,0
GAGAAACATGGTATA,3,9,6459,76,24419,22306,20468,18318,8334,11476,3837,4999,3064,2300,770,1077,392,138
GAGAATCGATGGGTC,3,6,339,0,1275,1089,1729,1883,1753,1555,365,1528,337,137,481,615,378,147
GAGACAAGTTTCTGCC,1,193,1,104,18,16,1360,1187,581,447,2138,1799,1619,919,1606,923,1070,1322
GAGAGTTAATGGAAT,3,270,929,195,2448,2255,1895,1776,749,1516,1431,836,324,189,7,367,2,0
GAGATCAGCCGGGAC,3,233,648,121,2095,1983,1523,1267,1274,7,3,405,11,375,8,436,0,0
GAGATCGAGTGGGCC,3,190,1032,75,2026,1891,2087,1786,705,605,1066,485,572,38,1,100,0,133
GAGCCCGCAGAATAA,4,451,150,633,12,2,284,245,432,373,4,357,368,12,0,1,165,5
AATAGGTTAGAGAAA,3,531,432,536,726,692,1007,1799,1491,851,735,2,401,118,11,224,173,8
GAGCCTTGCTCGAGG,3,13,6251,9,25288,23031,21365,17366,5989,13501,5889,3239,2818,3265,972,1397,489,7
GAGCGAGTTAGTTAG,3,2372,2093,2321,4680,4313,4100,3759,1943,3286,1371,199,180,635,30,213,214,292
GAGGATATGCCTATA,2,62,1,36,244,254,896,1118,1265,526,634,0,0,0,262,6,0,1
GAGGCAATATTGACA,1,112,46,24,771,725,1627,1672,1215,2833,2199,6298,5846,7197,13786,40319,6785,12922
GAGTCTGACTTGGTC,3,40,1093,56,2653,2442,2691,3363,3442,3540,1227,764,292,203,368,10,544,981
AATATTCCACACTAG,9,748,76,756,62,65,0,125,440,905,23,2,803,42,315,1,0,194
GATAAGATGGTCTGG,11,284,151,572,257,227,311,4152,3240,1973,590,768,345,328,665,455,724,12
GATAATATTGACCGT,7,50,121,0,281,268,576,648,574,358,5,1,0,0,143,218,0,1
GATACCTTAGGGTTT,3,148,0,160,149,138,395,743,412,613,8,364,293,14,0,1,0,0
GATATTAATGATGAG,3,7,1080,5,2540,2317,1604,1158,275,783,372,137,328,16,3,0,0,0
GATCCTTATTGGGGA,2,21,0,72,191,189,192,1411,1815,2162,249,158,390,99,319,6,366,78
GATCGATATAACATA,3,1300,771,1255,2090,1882,1545,1949,2232,1199,749,457,351,209,247,260,562,324
GATCGTCTCATCAAT,3,325,2502,553,8014,7121,7399,6722,3738,5160,1325,2103,1272,963,751,521,195,265
GATGAATGGTAAGGT,3,0,538,0,1137,1102,1050,1091,77,389,986,722,172,13,5,442,0,1
GATGACGGGAGATGG,2,33,20,1,344,298,1326,2106,1282,765,13,774,20,4,883,129,304,3
AATCCGCTATGTGTT,9,202,136,219,89,56,77,640,492,596,8,1,0,111,555,6,511,4
GATGGTCCGGGGTA,5,87,96,46,174,162,113,1472,1338,591,19,523,11,4,158,231,111,1076
GATGGTGTCATACCA,3,134,6047,47,12818,11794,9854,7302,3264,5210,1054,2056,516,318,131,12,342,591
GATGGTTAACATAGG,11,673,273,692,141,115,171,946,801,803,333,310,598,396,138,197,371,6
GATGTACACGAATCC,2,0,2,54,147,122,366,2624,2195,559,705,1566,885,353,922,14,386,1797
AAACCGGCACCAGTG,3,47,107,13,558,480,975,733,286,320,654,0,0,102,5,2,0,0
GATTACAAGAAGGAA,3,574,10141,415,32132,29265,27234,23466,12075,19220,9141,5843,3846,2133,1806,1022,983,656
GATTATTCTCGCAGT,2,1,1,111,324,291,327,3461,3165,1553,539,397,1374,218,705,186,457,176
GATTCATAAGACGCC,3,34,1112,170,2736,2465,1984,2028,869,1308,648,285,223,12,229,8,0,0
GATTTCCTTGTCACA,1,233,240,387,2650,2349,2103,2288,3203,8447,18238,26212,36066,39181,26752,25686,12501,15622
GATTTCTGGAGCTCC,3,36,2293,26,7620,6888,6135,5098,3363,4793,1166,1615,382,782,185,284,59,0
GCAAAGGATTGTCTA,3,756,580,961,1238,1143,752,438,2,231,173,426,105,9,3,1,0,0
GCAAGATAGGTGTTT,3,14,0,3,328,298,1791,2560,2073,1702,296,1143,507,433,431,571,204,332
GCAAGTACCGTTGAA,3,7,2662,3,6732,6265,5444,5284,2629,2963,1159,452,160,722,600,936,248,152
GCAATTTGAGTATTG,3,1,3159,42,6525,6002,6694,5277,1912,2676,1470,204,1359,373,259,338,190,156
GCACACGGGAGAATA,3,61,487,75,1289,1262,939,530,798,2054,453,0,0,105,2,1,0,0
GCACGTCTTTCAGGG,3,48,3397,48,8890,8379,6363,4915,2567,4224,929,927,748,235,539,218,1,0
GCAGTCAGAAAATGC,3,662,2965,581,11070,9953,11258,10698,7093,6595,4596,2866,2983,1787,569,857,722,2299
GCATAGCCAGATAAA,10,518,78,729,200,175,447,446,649,8,2,0,96,3,0,0,0,310
GCATTTCACATACAC,2,82,4,302,1372,1216,679,5504,4383,3208,1342,842,936,277,2744,493,1459,219
GCCACCGGAAGGGAT,4,1104,206,1003,328,288,252,1403,1477,2915,64,994,1003,413,304,9,790,945
GCCACTTTACTCAGA,3,80,7114,59,29155,26677,23857,19385,9077,15090,6314,4819,3331,2695,456,591,94,131
GCCAGCAGGAGCGGG,3,44,2161,2,5386,4940,5410,4707,887,2959,1689,1325,943,272,597,11,0,168
GCCAGTCTTTGGCAC,3,243,995,302,1830,1659,1419,1710,928,1229,20,381,9,154,9,0,0,0
GCCCCCTTCAGTTAA,3,26,159,32,478,426,461,442,254,553,63,261,223,62,83,31,90,0
GCCCTGTGTATGGAT,9,303,63,108,370,313,192,2838,2388,1106,294,4,306,194,106,6,1192,424
GCCGATGGGCCACGT,3,135,244,55,1003,812,852,1420,1406,1172,396,832,414,27,1157,17,220,530
GCCTGCTATTTTTTG,2,13,30,88,654,585,354,2239,2150,2380,775,88,575,473,785,280,363,518
AATGCAGGATAGGCT,3,44,10604,12,22645,21307,15332,12227,6076,7966,5773,3224,2741,2349,414,1059,400,10
GCGAACCTCCGCAAT,8,92,157,178,112,105,337,682,871,1122,398,0,0,188,9,230,264,479
GCGAAGGTAGCGCAA,3,187,95,154,272,251,337,1184,663,12,393,859,25,4,1,2,1,328
GCGACCCGCATCGTT,3,441,900,426,2890,2712,2805,2693,1132,2133,1676,836,128,620,110,185,614,13
GCGATCTTATGTGTG,8,83,0,89,46,30,661,591,280,48,321,925,25,205,6,0,0,0
GCGGAAGGTTGGGTT,1,222,248,258,4771,4468,4647,4218,3313,16361,32779,46086,48423,54148,37619,31754,17462,21036
GCGGAGTAATTGGGT,3,155,1190,186,2957,2726,2593,1760,966,2292,1760,222,385,429,12,3,0,0
AATGCTGGATGCACG,1,30,14,296,3014,2877,5396,15559,13815,8428,12423,24629,23860,26007,35504,83230,33500,29217
GCGGGTACGAATGGT,2,82,1,127,152,128,116,1234,1332,911,19,260,236,8,379,347,669,485
GCGGGTGAAATACTG,3,52,218,76,1045,978,778,3227,3129,1601,1149,1101,31,490,548,141,323,432
GCGTAGGAGACGGCT,3,541,503,702,1297,1161,1923,1739,1811,297,458,0,0,0,1,270,147,1
GCGTGGCGGGAAGTA,8,33,0,139,0,1,1177,1006,453,204,325,446,196,15,1,0,0,302
GCTAAATCTTCAGTG,3,83,202,337,828,852,865,637,568,403,209,1,140,203,11,0,0,0
GCTAGAGATCTCATG,3,313,607,250,1928,1821,2781,2670,1998,1951,716,410,893,128,13,208,193,3
GCTAGATAGACTTGT,6,768,300,785,252,262,849,1531,1685,778,916,1006,313,399,457,165,1,561
AATGGGGAGCAGGGT,3,84,7206,61,22332,20613,20820,16855,6646,12537,7738,5284,3593,3038,513,935,993,18
GCTCCATACTACTTA,3,4,537,0,645,579,654,469,227,9,502,337,319,109,8,2,0,0
GCTCGCGGGACGGGA,3,120,457,150,1395,1302,1245,908,700,1116,832,0,153,456,18,2,217,2
GCTGAAAGACATAAA,3,142,3743,65,14299,13177,11565,9155,4862,8501,3393,1314,1541,982,636,1361,179,297
GCTGCTTATCAACCT,1,338,180,62,1159,987,9016,7117,2767,6958,9192,11943,11888,14605,15415,21031,13105,19066
GCTTCGCGGTTCCAC,3,186,1421,176,6293,5644,5418,4440,2072,2821,1772,702,1055,512,305,176,66,138
GCTTCTGCTCACGGA,3,11,2424,24,5924,5332,4536,4235,2885,3585,1551,902,874,767,729,170,169,2
GCTTTTGAGACGGAT,3,2572,3615,2695,11461,10202,9339,8972,4778,8069,3832,2068,463,1339,58,539,394,557
GGAAATGAGCGGCAA,8,1455,355,2059,181,172,545,1150,171,1132,14,413,10,2,1,472,112,2
GGAAGCTGGACATCT,3,143,1291,222,3765,3255,3097,2535,1524,3103,1668,458,403,262,8,156,146,2
GGAATCTACACTTTC,3,209,2227,159,6822,6317,6576,5748,2404,3571,2224,2051,912,685,40,331,106,3
GGACAATGGTCCAGT,2,806,243,1266,815,673,732,4825,4960,2341,1749,1496,611,228,1164,821,1477,1783
GGAGAGAACTGTGGA,2,235,114,364,432,423,1689,4889,2634,1962,427,1447,46,443,163,831,903,297
GGAGGATTAATTGGC,3,41,441,41,2244,2022,1755,1524,786,495,929,872,258,448,453,14,158,0
GGAGGATTTGCGGGC,3,356,388,477,1914,1795,935,903,370,589,707,1,0,95,2,1,0,0
GGAGGGACTTCTTTC,1,64,2904,35,33593,29563,32795,26254,22786,69978,116574,156484,172485,179971,116499,102949,60887,63834
GGAGGTATTTCATGT,3,47,1692,78,6264,5986,5200,4258,1581,3718,1638,526,235,656,320,486,1,0
GGATACCGTCTGTAC,12,685,433,415,365,347,94,411,134,1,143,765,19,4,0,0,0,0
GGATATCTCCGGAGA,10,5004,7454,5761,937,831,912,2128,952,677,557,3,141,291,285,4,1,97
GGATGTGCGTAACTT,5,1000,456,1029,234,223,412,701,519,771,626,0,0,0,205,3,182,277
GGATTGTCCATGAAT,3,234,6676,231,23695,21219,20023,16893,7363,13049,6163,5644,2005,2328,1183,895,110,461
GGATTTAGATCGAGG,3,80,548,262,2619,2327,2484,4712,4299,4790,536,1236,1031,577,638,528,1351,1287
AATTATCTTAATCAT,3,792,7667,1208,1473,1365,1098,784,376,477,518,354,20,194,249,6,1,0
GGCAAAGGCGTTAAT,3,53,272,47,1162,1033,1103,1049,491,345,4,553,161,199,258,8,82,3
GGCACATTGAGCGGC,3,69,274,37,511,480,403,959,423,361,4,348,14,220,5,235,0,1
GGCAGGTGTCTAGGC,3,2,1153,1,3360,2982,2252,1610,870,629,147,630,249,151,10,2,85,1
GGCATCATTCCTTGT,12,1450,559,1599,591,522,757,405,147,1,257,352,11,125,217,5,0,0
GGCATGATTAAGGAA,3,2351,1718,2323,4655,4170,4594,4089,3040,4268,1589,533,700,477,501,644,399,529
GGCATTTTGCTGAGC,3,448,12380,300,42376,38037,34553,31488,15136,20669,12430,6054,6008,3433,3220,2008,1599,1313
AATTCGCAAAATCAA,3,365,830,388,2022,1884,1951,1418,1086,1080,774,376,8,2,276,4,0,0
GGCCTGGATCATATC,3,1,461,31,1264,1083,911,839,454,963,12,1,241,104,9,0,0,0
GGCGGTTCCATTCGA,1,64,313,75,2480,2213,2605,2723,1675,6715,12461,15346,15821,17892,11239,7000,3689,4773
AATTGAAGCTCAAAG,3,2992,1236,3596,1708,1609,2329,1825,1032,422,1012,772,563,30,6,2,1,269
GGCTAGCATGCTACT,7,121,1,48,121,115,668,1430,1986,806,11,1,3,199,277,1053,2,2
AAAAAGGTCATGATA,3,0,1783,1,4478,4085,3654,3085,1771,1503,1937,5,691,631,580,15,105,2
GGCTCGGGACCGTAA,3,592,3815,440,13080,11623,10676,10271,3704,4190,4126,2326,2155,973,1347,125,511,5
GGCTGTAGATGAATG,8,1952,471,1932,1017,864,1654,2489,1686,785,265,1328,185,31,2,449,498,617
GGGAAGATGGTGGAA,3,65,723,75,2789,2643,2637,2476,552,828,1445,975,583,224,135,2,0,0
GGGAAGTAACCATGT,3,9,0,49,486,401,518,1577,1445,686,1093,1161,312,117,258,418,325,398
GGGAATTAGTTCGGA,3,48,451,97,993,894,1127,1355,549,849,1143,0,2,968,27,4,1,286
GGGACATGATTCAAT,2,270,2,476,374,345,569,3184,2932,1887,895,951,32,4,1159,510,370,808
GGGATCTTACTAGTC,1,141,200,195,807,750,784,1526,1033,1755,574,944,1302,796,1178,1264,1166,1733
GGGATGCCGTGGAAC,3,34,1142,1,7294,6583,3455,2713,1258,2665,1278,505,274,587,258,744,0,0
GGGATGGCAGACAGC,3,5196,3653,6172,6041,5689,5422,4912,3489,1859,2128,657,920,715,45,638,316,3
GGGATTGCATGGATT,5,1979,458,2306,148,120,85,650,456,360,7,2,2,2,242,177,491,4
GGGCACGGGTCGGAG,2,277,74,426,403,334,298,3565,3236,1772,185,746,200,314,1313,382,872,1102
AATTGTGTCTGGCGT,3,34,489,95,977,894,815,393,200,1027,418,2,317,18,4,533,0,0
GGGGAAACGAATGTT,2,5,2,1,80,78,341,4579,1136,596,400,933,254,424,12,72,87,5
GGGGTGCATTTATTG,3,47,1654,69,4706,4270,3673,3367,1673,2570,1035,626,392,260,168,76,0,56
AATTTTGTAACTCTA,3,2979,14126,3273,4912,4667,4279,3930,2044,3582,1365,868,1390,531,930,740,0,1
GGGTGGTAAGGTCGG,3,76,1548,56,6497,5898,5133,4294,2247,4544,2710,1599,435,633,84,296,135,193
GGGTTCAGTGTAGAA,3,55,3,101,230,222,673,1132,1416,297,286,1256,29,9,1,1,164,1
ACAAAGGGAATGAAAT,9,169,79,97,17,16,1853,2195,1094,947,17,2,324,14,4,1,0,264
GGTACTGGGGTAACT,3,61,97,43,418,410,953,1085,805,516,9,976,25,195,4,281,2,0
GGTATGATAACTACG,8,169,109,76,271,204,959,1674,1076,622,541,887,1059,226,15,433,347,488
GGTCGATCATTACGG,3,195,1122,135,2306,2038,1551,1261,788,1018,445,768,17,115,183,5,1,82
GGTCTACGTAGTTGG,6,19,71,13,129,120,489,358,666,660,329,358,15,366,19,0,1,0
GGTCTGGTGATGGAA,3,72,397,31,1474,1313,1201,1105,623,282,1112,351,10,150,204,57,222,3
GGTGAGGTTAATAGG,3,158,393,265,947,942,882,692,162,711,173,0,0,1,158,2,0,0
GGTGTTCCATTGTGT,2,1,22,45,224,205,289,2588,2289,2063,511,3,463,268,237,496,349,1404
GGTGTTGATGGTATG,3,51,600,39,1193,1097,1116,1168,351,516,133,1,228,16,177,3,547,8
GGTTACGTAACCTCA,7,203,264,195,413,383,824,947,1342,1188,14,1,168,8,506,214,1,850
GGTTAGGGCAAGCCC,3,0,1611,1,3043,2709,2742,2399,1376,1895,508,404,162,607,175,196,295,2
ACAAGGGACACGCTG,8,265,4,252,91,72,213,395,627,1078,1351,427,9,133,2,149,0,0
GGTTCAGTAAAACGA,3,2526,25530,3213,580,534,386,517,204,1035,508,362,10,4,110,1,2,229
GGTTGACCAAGTCAT,3,196,490,71,1245,1099,1158,711,475,510,605,337,433,124,9,2,0,250
GGTTTTAATAACCGG,3,158,1185,227,3606,3215,3388,3359,1500,788,1747,268,1295,792,386,466,375,8
GTAAAGGATACTCCA,3,15,245,3,9047,8327,7555,6059,3084,3309,3578,2163,1201,661,25,225,198,372
GTAAAGTGTTATTAA,3,22,914,86,2344,2175,1642,1392,768,196,692,876,353,341,10,2,0,1
ACAATGATCGGCTGG,3,55,607,85,1352,1194,899,792,402,1575,23,460,689,28,263,0,0,1
GTAAGCGGCCACAAA,11,153,78,187,81,71,1350,1995,1472,763,379,0,3,403,12,457,228,2
GTAAGGGACTGTTGG,7,275,25,519,163,136,314,886,408,185,2,5,559,18,222,200,1,107
ACAATGTACGGTTGT,3,20,14920,40,43780,40518,37739,33769,15119,20781,17582,8382,6202,3929,2721,1432,872,1317
GTAGAGGAACATGAC,3,704,6404,763,24472,22571,20664,18501,7940,10324,7493,3847,4602,3799,1455,2182,1710,3715
GTAGCGGTACAGGTA,3,255,1625,146,7604,7265,6159,5007,1942,3476,1350,440,320,770,35,534,0,1
GTAGGCCAGCTGACC,2,299,87,279,2039,1806,5406,8809,7896,5936,3105,5701,776,120,2187,1323,1443,321
ACACATGCCTTCGAT,9,38,86,25,163,128,24,849,746,5,1,2,348,11,118,233,649,8
GTATACGGACCTCAA,3,510,2411,474,6481,5683,5673,4818,2736,3445,2337,911,1073,370,539,301,105,1
GTATGCCAACTTCAA,2,30,4,36,378,377,1215,2623,1841,1756,191,1038,299,18,117,562,102,0
GTCAACCTGTGTTAT,3,129,1068,195,4179,3744,4669,4307,1831,1447,1651,232,801,276,393,9,175,4
GTCAAGGTGATGGCA,2,42,9,695,2052,1911,1615,16735,13687,10579,5113,4264,3192,2571,2843,1146,5016,2471
GTCATCAAAACGTGG,8,124,2,228,39,30,880,1115,635,484,493,1045,315,17,2,344,1,0
GTCCAGATCTACCCC,3,7,203,11,787,656,542,564,140,539,213,203,91,7,65,4,114,63
ACACGTGTTTACAGT,2,154,77,206,474,410,376,7679,4888,2180,850,1252,413,1591,702,2040,1067,959
GTCCATTTAGGTGGA,3,557,292,719,686,563,665,754,518,534,139,458,16,17,147,138,0,0
GTCCGAAATAACGTC,3,986,9463,1116,9454,8594,5003,3891,1978,4099,2233,917,1209,842,137,176,139,122
GTCGGTGCGTACTAG,5,539,209,354,37,48,230,409,689,509,8,375,13,1,0,0,0,0
GTCTACCGGAATGTG,3,37,477,53,1423,1268,1646,2470,1697,101,919,1221,141,210,135,451,200,509
GTCTTAGATGAACAG,3,15,615,3,3323,3182,2669,2469,1124,3045,2148,990,241,18,197,427,122,198
GTCTTAGCACGGGCC,3,24,2156,7,9195,8296,7039,6179,3546,3751,2176,1662,140,851,260,345,145,1
GTCTTGACAAGAGGC,5,459,53,755,123,97,77,653,1231,419,113,186,5,1,320,6,38,496
GTGACAGCAAGAAGG,3,70,1465,4,3467,3334,2762,2868,886,2062,573,784,349,187,5,233,92,6
ACAGACTCGAACGGG,11,0,0,0,335,281,148,1006,399,1004,397,226,10,120,173,264,460,15
GTGAGCTGGATGACG,2,0,0,0,354,330,913,1388,1296,632,1528,617,18,5,106,554,2,0
GTGAGGAGCCCATAG,3,69,968,71,2102,1921,1304,1272,237,758,157,0,0,0,0,219,129,3
GTGAGGTTAACGCAC,3,55,139,1,2508,2380,2147,1966,1064,1154,164,366,445,418,295,4,0,260
GTGAGTCATTTTCAC,3,209,2678,218,7485,6700,7047,5649,3513,2618,2688,740,1533,659,271,434,116,82
GTGATAGGATGATAG,3,807,705,809,1769,1590,2070,1430,527,190,429,580,15,175,388,3,0,0
GTGCAACGTGCTGTG,3,844,297,1164,172,157,435,391,460,408,4,0,291,17,0,0,0,1
GTGCATCGGTGCAGC,2,20,76,22,225,183,133,5136,2295,2200,217,1368,145,17,355,228,782,546
GTGGAATATAGGGTG,3,2364,1540,2966,3435,3298,3532,2637,1255,1690,2354,352,539,545,20,466,1,0
GTGGACTTCCTAGTA,2,69,39,121,199,171,481,848,1048,476,122,405,164,11,149,256,117,0
GTGGAGAGTTGGATT,3,207,412,270,1096,1012,788,734,373,681,7,352,231,183,14,0,0,0
GTGGCATGAACAACT,3,240,795,357,2211,2070,2002,1795,1369,1432,756,943,25,267,13,1,0,0
GTGGTATAGTCTCAT,3,10,1531,6,6573,5880,5646,5698,2621,3264,1536,1519,2486,2412,1692,3277,2216,1671
GTGGTATATAGGTCA,5,346,99,291,160,121,54,417,559,1046,267,272,8,4,273,2,0,307
GTGTCTAACACCTTT,3,2,118,37,377,344,436,502,251,537,105,377,10,78,7,461,0,0
GTGTCTAATGTGCGT,3,452,642,353,2057,1886,1660,1442,751,935,1501,302,128,5,0,0,1,200
GTGTCTGCACTGGTC,5,4463,1401,4396,249,244,593,867,865,827,303,588,25,5,356,191,0,0
GTGTGACACCTTGGA,3,16,2134,4,3807,3431,2832,2408,1115,816,12,1,253,17,390,6,159,3
GTGTGGAGTGTCTGG,3,3568,4134,4019,11643,10500,9860,8362,4234,6711,4391,4964,1529,909,631,724,3,27
GTGTGTAGTGGTAGG,10,131,262600,376,641,617,85,66,3,4,1,7,6,3,4,2,0,1
GTTATTCAACCTGCA,2,45,1,281,375,316,257,3175,3015,2850,756,914,742,144,610,12,444,1534
GTTCCGGGAAGAGTA,3,281,950,255,1985,1825,1133,1099,286,650,394,0,1,1,144,63,0,0
GTTCGCACCACGCTT,12,1085,325,1348,40,33,224,171,96,2,258,256,7,132,6,225,0,0
GTTGGATGTGTGCGG,8,1174,349,1267,67,84,246,4773,1081,568,299,915,21,178,3,2,0,0
GTTGGTTATTGCTAA,5,119,284,106,270,249,118,903,757,701,289,193,195,7,54,83,282,122
GTTGTCACATTTAGC,3,45,1472,52,4959,4368,4447,3661,2342,3153,1509,1365,550,492,135,107,96,1
GTTGTCCCTCACCTT,3,174,649,203,1890,1589,2309,2573,1548,2329,1522,754,202,199,334,162,354,340
ACATAAAGATAGGGT,3,3,1920,5,4306,3994,3620,3151,1086,2232,2348,1629,40,682,182,234,0,0
ACATAAATGGTACGT,3,1,1362,3,2586,2384,2617,2337,871,10,1461,404,590,263,618,297,1,2
GTTGTTCTGGTTGAG,1,204,5,10,34,23,2632,3404,2264,4845,3156,3676,4242,4738,4931,10021,3894,4942
ACATAACAAGCGGTG,3,954,108,879,105,117,515,651,1113,493,4,2345,249,15,5,138,227,2
GTTTGAACGTAGATC,3,22,1280,53,3872,3486,3937,2967,1577,2463,1453,611,302,865,44,151,116,1
ACATATGACGCTTTT,3,251,948,397,2560,2346,2722,2061,1296,1641,806,1093,985,534,24,334,150,1
ACATCGACAGGCGGG,3,7933,27493,8959,76652,70962,77500,82866,45821,56824,30743,31981,14805,10647,10050,9526,7120,3353
TAACCCGTGAGGAGG,3,45,30603,573,95886,89231,82721,85818,47095,57815,28849,19082,14161,10119,9372,5171,6327,7637
TAACGGCATTGCTGT,3,26,800,2,3003,2841,2476,1793,1441,2138,1180,353,11,658,264,107,0,0
TAACTACAAACTACA,3,164,25592,322,82966,77488,72393,69433,37970,61790,31022,20135,15065,8200,11079,5910,3158,5662
TAACTGGTGAAGACA,8,58,1,96,131,126,599,838,724,203,606,442,515,24,2,240,225,301
ACATCTGTGATGTTA,3,2230,5866,2252,8597,7900,4786,3823,2110,1859,1427,1012,24,124,6,2,0,0
TAATCCGTTTTTGCA,3,103,197,97,761,731,618,373,385,393,315,366,11,3,0,0,296,5
TACAAGGGTTGGACC,3,24,1789,48,2474,2382,1339,1366,116,201,2,0,272,12,1,2,0,0
TACACACACGCAAAA,11,271,5,410,193,176,161,245,944,12,852,643,14,5,228,141,400,8
TACCAACAGTAAATG,3,194,1459,538,6419,5808,4830,4108,1876,2927,2365,1186,539,537,152,262,468,162
TACCGAGGCTGACAT,5,410,240,970,159,135,240,1466,996,523,396,268,7,3,701,239,476,481
TACCGAGGGTTATG,11,231,4,688,57,55,330,899,402,592,669,0,2,2,439,144,229,5
TACCGTGCAGGTCAA,2,824,279,653,1462,1331,5010,8242,8347,3806,3114,5377,2228,2186,3379,4483,3770,2351
TACGCCTAATAATGG,3,173,507,380,1033,986,545,997,369,745,17,196,337,19,0,2,0,0
TACGCGGAGCTACAG,2,66,107,544,1570,1393,1177,14612,12533,6119,3878,3788,2757,1104,3457,2097,2877,2878
TACGGGAGCAATTTA,3,391,852,254,2158,1935,1457,2117,1050,2658,455,734,507,418,335,233,102,265
TACTGGCCACTTGTA,3,1998,8018,2196,16740,15417,11874,9954,5290,6925,4037,1009,1681,867,556,577,747,574
TACTGGTGATTGCCA,2,37,2,117,116,102,32,1496,1385,48,532,406,21,228,15,602,338,862
TACTTGGGGAGGCCA,1,38,2824,90,27939,25446,30787,28823,28888,108338,210008,324336,337766,408450,255752,240094,155284,182964
TAGAAATTGACCGGG,5,90,0,201,3,2,511,761,369,860,613,226,3,2,136,201,0,0
TAGAGCACGGGTGTG,11,87,87,191,217,226,899,1590,1565,1150,432,241,5,210,352,637,272,2
TAGATTTTTGCCTCT,3,2897,1507,3657,1294,1106,1639,1678,999,1379,274,669,21,70,92,2,0,194
TAGCCCACATCTCAG,3,181,482,19,1333,1316,876,861,329,188,3,595,359,15,2,0,0,0
TAGGACCGGTCACAA,3,253,2255,583,5542,4976,4597,3293,2199,2918,56,4,1233,941,45,5,1,297
TAGGGGGGCTGCTGTT,3,8,9497,77,31732,29233,26830,22953,11246,18746,8591,5336,2999,2018,1934,1284,788,711
ACCAGGCTGGATATG,2,0,0,21,205,194,408,2990,3363,892,674,1912,330,137,872,167,692,327
TAGGTTAACGCAAGA,8,1,0,0,80,89,273,366,264,658,429,648,17,1,4,243,0,0
TAGGTTAGTTGAATG,2,36,2,128,220,189,401,1441,1714,459,198,840,21,7,307,108,0,1163
AAAAATGGATGGACT,2,94,6,326,971,843,2960,5759,4057,2818,2871,1356,454,789,1695,1438,679,1217
TAGTTACGTGCGTAT,3,238,1262,135,2944,2740,2647,1537,441,1253,613,0,508,461,136,5,1,314
TAGTTGTATTAGCGA,3,127,778,210,2533,2399,2141,1760,1660,228,295,2,317,366,434,7,546,426
TATAAAAGGTCTCTA,8,103,21,394,20,28,79,1310,1511,1648,325,0,0,87,2,102,218,151
TATAAGGCATCCGGT,3,442,175,214,593,593,355,356,291,365,5,0,0,2,235,7,0,0
TATAATCTTTGATAA,7,329,203,180,330,326,1168,1389,657,678,13,238,14,3,222,363,1,149
TATAATTAGGCCCTA,3,0,1070,2,4165,3778,2988,2852,1858,2013,1136,1152,1767,499,415,10,1,1
TATAGGGGCAAAAAC,3,166,2768,234,10032,9245,8921,8529,3429,5172,4813,2911,1322,482,754,506,354,380
ACCCAAAGGGAGCAA,3,546,4446,558,13578,12321,11697,10159,4739,6193,7011,1722,2626,1421,1090,859,132,300
TATATGTAAGGTAGT,3,145,33248,134,89276,82775,67016,56559,26658,36711,22321,7548,9351,7743,3970,2566,2071,1885
TATCATATTTATAAA,3,11,43,125,835,767,570,481,538,375,167,333,8,153,130,5,0,0
TATCATCACATTTGC,3,130,729,286,2470,2185,1918,1376,575,1185,900,919,24,216,8,234,570,9
TATCTGGTTAACTTT,3,68,1373,119,6434,5863,6010,5241,2077,4196,1733,1183,545,1124,51,9,79,1
TATCTTATTATGCGT,3,144,640,157,1487,1286,1533,1256,563,725,418,0,516,25,1,178,1,1
TATGAAAGTTACGAG,5,865,395,610,50,62,61,454,721,205,9,558,18,7,276,2,0,291
TATGAACACCTTGGA,1,10,1204,11,10478,9588,9423,10198,8401,28978,59165,84664,94150,103106,59052,57234,34764,34560
TATGAATGCGTTCGC,3,96,0,85,143,143,468,795,175,1275,801,416,13,154,7,2,0,0
ACCCCTAGATGGCGT,3,127,6071,8,11640,10728,7655,6507,2489,4249,2255,2321,875,541,656,188,0,1
TATGAGAACTCGTTT,2,151,41,317,1053,967,956,16045,8481,6651,2841,1021,3206,1681,2134,844,1351,1610
TATGAGATCCTACAT,6,26,0,1,12,8,1471,1300,878,815,317,176,10,174,6,1,0,232
TATGCCACGTTGGAA,3,51,651,1,4516,4075,3437,3016,1746,1598,754,838,559,481,168,626,1,0
ACCCGACGAGTTGCG,3,222,183,131,471,394,1152,719,551,444,247,101,96,3,0,80,128,4
TATTGCTGGATTTGT,3,22,220,2,1059,949,915,1364,1429,1600,710,1858,392,242,222,248,1008,11
TATTTTGTCTGGTAG,3,2003,1178,2371,1220,1046,975,732,116,303,336,0,404,76,176,3,0,0
TCAAAGTTGGGGACA,8,165,0,191,297,280,696,879,1348,849,302,391,15,110,0,204,2,1
TCAACTCTATGGAAG,3,681,587,848,1475,1397,991,699,564,1765,576,328,296,387,136,114,0,0
TCAAGGAGCGGAGAG,3,127,174,149,515,507,441,575,637,631,279,246,8,242,10,1,0,0
ACCGAGGTGGATTTT,8,280,111,388,659,647,682,969,1709,1403,432,379,11,2,2,428,1,0
TCACAGATAGAACCA,9,77,1,163,132,103,172,1459,2103,672,17,2,6,506,580,12,647,8
TCACCTAATGTGAAT,3,48,1324,2,2685,2525,1824,1639,731,2654,218,751,24,201,276,209,277,1
ACCGCATTTGTCATG,2,56,1,59,148,149,128,1295,1895,452,980,688,515,34,560,3,511,334
TCAGATTTTTGTGGG,3,7,1545,3,8715,7679,6135,5331,2636,3626,2667,712,1030,688,219,495,145,712
TCAGTCAGTGCAGTT,2,76,3,248,1093,1008,1306,6529,6224,4711,2539,2079,3072,1468,707,550,1105,415
TCATATGGTGGAAGA,3,494,398,286,731,698,567,440,230,191,8,0,0,0,1,184,0,1
TCATCTCACATTGTT,3,1621,717,1838,411,378,172,237,167,208,494,256,11,0,1,0,0,0
TCATGATCAGTGTTT,2,15,0,21,203,181,571,1114,920,1041,15,760,23,107,381,108,182,276
TCCAGAACGGGTCGT,3,0,1319,4,5564,5013,4597,3854,2031,2842,1539,1038,539,474,302,214,144,136
TCCAGATCATGGCTA,3,22,420,2,844,830,714,365,497,397,15,380,14,3,3,1,0,0
TCCCACGATTGGGTA,5,27,36,59,145,130,163,428,1222,572,752,211,4,2,271,3,0,466
TCCCGATCGGGGATT,8,23,2,41,71,38,1601,1532,770,435,6,686,366,145,12,192,154,106
TCCCTACGGTGTATA,2,116,0,51,540,444,2125,4059,3533,1754,790,1954,1128,74,1004,1646,103,537
TCCGCACACTCTCAT,3,287,3460,542,8884,8302,7011,6598,3227,2286,1090,3037,1017,1082,51,242,1000,21
TCCGCGAGTCCGCCC,2,172,4,439,309,317,156,1784,2187,1506,356,331,376,22,370,339,850,596
ACCGTGATCCCCTCC,11,156,79,350,333,305,75,1718,1640,452,355,667,363,250,436,13,826,15
TCCTAAAACTAACGT,5,2942,1309,3531,795,721,2743,4722,5229,4161,442,2809,512,662,1138,1444,460,1299
TCCTATCTCTTCTAA,3,6,5165,6,18986,16573,16470,13328,8376,11297,6098,3185,2692,1929,1593,821,596,471
TCCTGGTCTAGTTTA,11,146,50,163,71,41,68,369,451,381,204,314,406,120,146,3,151,3
TCGAACTTGCGAACT,3,24,4454,37,8617,7904,6146,5005,1981,2993,2025,1271,688,305,756,15,1,276
TCGAATAGGGAACGT,3,1,1826,53,7932,7337,9099,8399,5440,5065,3341,3004,510,1147,880,963,642,535
TCGAGGTATGGCCCA,3,755,11745,895,40463,36785,34226,28700,11118,20054,11062,5525,3740,4095,1465,842,680,721
TCGAGTGCTCTGGAC,3,63,418,134,2211,1964,2423,4724,3793,3275,1655,923,566,92,721,631,1228,487
TCGATATAACTGACG,3,11,469,29,1237,1157,866,476,458,388,455,6,624,512,20,3,206,5
TCGATGGACACCTGA,3,163,986,214,2080,1940,1521,5319,4010,2707,1347,964,619,655,842,792,847,159
AAAGCCCATGTCTGT,2,24,0,2,80,63,20,541,486,871,779,199,354,10,294,517,296,6
TCGCTCTGCGAAGGG,11,474,284,645,303,287,691,878,582,1064,231,635,35,127,327,126,0,0
TCGGACGGGGGACAT,3,106,2536,89,7945,7320,8140,6977,2924,3589,3003,966,1227,862,293,716,2,0
TCGGCAGTTCGATAG,2,176,50,401,2742,2430,2017,6680,6910,5202,1777,1853,1163,629,1425,495,1197,1687
TCGTAACTAAGGCTT,1,178,173,475,13013,11540,21125,427738,477348,425814,375453,468932,605655,738965,976017,931070,1041703,1345259
TCTAGCAAGGACGTG,3,34,616,154,2217,1923,1987,5442,3969,3012,378,875,253,366,333,382,133,1685
TCTATGCCCCAGCAT,3,773,551,712,1962,1852,1796,2208,1510,2654,1611,2,582,197,804,217,1,0
ACCTGTCCGATATGA,3,174,9122,271,36198,32695,29326,27044,15400,16085,12494,4698,4195,3372,2439,1447,1251,588
TCTCAATGTTTCATA,3,2663,4180,3138,12522,11294,9245,8356,3797,5301,3101,3858,1718,733,623,635,277,222
TCTGAAACATGAGAG,3,46,2122,1,4443,4067,3571,3262,1701,1497,1795,1495,333,226,11,2,1,279
ACCTTATACCGTGCA,2,13,0,0,361,352,1114,1948,1853,853,755,782,209,13,868,219,194,3
TCTGAGTGATAGAGA,3,42,826,1,1609,1533,1165,1187,112,733,679,0,546,40,1,200,0,127
TCTGGGAGGGAGCGG,7,313,491,303,1957,1827,1868,2110,708,318,293,307,268,23,353,716,3,0
AAAGCGAGATTATCG,3,1,827,0,1748,1667,1602,1009,731,716,425,859,26,4,288,2,1,185
ACCTTGTGGGGAATC,3,29,1582,37,2785,2586,4183,4498,2258,3759,1269,399,1932,248,455,479,462,7
TCTTCATGGCTGCTA,3,317,797,454,1874,1582,1512,1233,519,234,320,124,168,117,4,132,0,1
ACCTTTTCCGTTAAT,3,21,1041,51,5205,4746,4283,3704,2934,2288,1634,1111,293,11,5,290,253,3
TCTTGTCGGCCGGGA,5,17,0,12,49,43,69,267,394,409,8,81,4,34,140,73,515,769
TCTTTGTCAACATCT,3,26,6016,38,23320,19881,17586,15250,8914,12716,5777,3581,2663,1770,1209,968,542,454
TGAAACGTGAACGGC,2,13,1,23,123,119,44,865,303,956,591,338,9,3,419,6,178,5
ACGAAGGATGACCAC,3,37,1519,6,4116,3778,3392,3095,2003,3422,1249,1430,575,259,329,534,1,0
TGAATGAGTTTTTGA,3,614,1284,610,2681,2538,2453,2157,636,2532,1842,548,652,187,5,3,129,247
TGACTTTGCGGATAG,3,1838,2293,1643,5230,4853,4088,3079,1485,1593,2347,1274,694,217,496,7,201,0
TGAGCGTGGTGAGGC,3,235,2967,424,12241,11345,10200,8741,2994,5120,2536,1068,687,562,1150,751,1,403
TGAGGCTTGAGTTCC,3,61,5844,117,20128,18329,17769,13292,6685,10827,6705,3675,1693,2402,1143,757,155,490
TGAGTGCTTTGTTAC,3,40,1327,1,3048,2970,1913,2778,1399,662,622,338,10,183,7,193,3,0
TGATGAGATGCACTC,2,248,1,247,111,99,114,1128,1155,579,205,1009,206,122,7,1,206,297
TGATGTCCAGGAGAC,3,47,1550,31,3650,3418,2904,2947,957,1355,1891,1129,609,32,539,189,0,1
ACGAGGACTGGGCCA,3,33,728,57,2666,2356,2215,3002,1150,1434,15,223,1594,203,303,481,0,563
TGCAAATTGAGTGTC,8,1519,673,1036,97,125,724,1075,539,645,309,797,196,233,10,103,0,0
TGCAAGACTGTGACG,3,1306,5847,1972,15998,15113,14352,17003,9019,9538,6949,3516,2522,1398,1149,24,713,1324
TGCACATAAATTAGT,3,384,2603,406,8037,7394,5888,5291,2452,2505,2177,531,1791,280,265,3,0,0
ACGAGGTTAAGGTTC,2,3,1,127,396,330,322,3744,3164,2068,740,767,931,265,1248,717,1812,1758
TGCAGGTATGTACCT,2,59,76,112,549,454,553,3673,2096,2422,408,1770,371,258,523,13,639,483
TGCAGTTTGAGCAAA,3,311,171,148,638,582,497,635,356,506,11,400,7,0,1,0,0,0
TGCCAGATCTCGCGT,3,838,2075,1077,5226,4703,7402,9710,5589,4816,3421,6386,2592,1297,876,2854,1652,1544
TGCCAGCTCTAGGGG,3,10235,5396,9878,6856,6165,5064,5204,3154,2348,3463,1622,608,974,280,120,359,225
TGCCGAATTGCGTTT,3,158,2920,395,6447,6021,4601,6304,4514,4109,2488,2334,599,318,1163,394,1299,11
TGCCGGTCCGCTCAC,3,79,1389,152,4636,4298,4189,2683,2670,2583,1083,668,301,367,193,457,0,1
AAAGCTTGATGAGCC,2,52,72,62,346,288,730,2292,2569,1362,993,2,3,440,311,558,3,745
TGCTCATTGGAATGA,3,42,615,183,1649,1516,1445,969,549,646,17,386,148,11,250,0,0,1
TGCTCTAATTTTTAA,3,13,1641,3,4642,4260,4308,3137,1861,2437,1056,852,830,380,240,7,0,0
TGCTCTCTCGTGCTA,3,189,2185,85,6087,5481,4320,3503,1156,2056,1739,357,264,71,3,477,172,2
TGGAAAGGCTGGGCA,5,24,5,288,113,124,98,971,1366,282,12,574,14,1,158,2,388,266
TGGAAAGGTTCACTT,12,1079,651,1679,168,169,702,638,583,8,1014,0,1,174,10,203,137,1
TGGAACCATAACGAT,3,46,113,45,655,539,548,716,114,777,9,370,6,2,262,4,1,1
TGGAAGGGGTTTTTT,3,74,11602,470,33184,31297,27524,38504,21422,21513,10625,8466,6194,3125,4510,3687,3333,3034
TGGACATCGTGAGAG,12,2776,669,2829,41,38,29,1242,304,1,0,211,4,2,2,0,0,0
ACGCAGGCCTATAGC,2,27,1,2,1,1,412,768,1043,465,498,0,1,1,1,276,242,4
TGGATAAGTCACCTG,3,570,431,368,460,394,833,1560,1919,921,25,205,4,222,8,663,2,0
ACGCCAGTACAACAG,2,15,0,2,2,1,1086,1079,859,888,447,2,0,1,2,0,237,2
TGGCAAGGCTAGTGG,6,7,0,45,68,63,1418,2191,877,710,10,1171,31,5,294,199,1,462
ACGCCATTAGGACGG,3,12,4198,13,15149,14152,12019,9967,3699,6566,6516,1046,1590,1789,940,780,603,177
TGGCGACTACTGAGG,3,21,3580,118,3875,3478,1317,728,536,228,229,0,0,241,167,1,0,0
TGGGAACTCAGCAGA,2,270,4,381,187,170,278,1443,1384,1148,1163,1142,178,210,286,6,347,584
TGGGATTCGCTACTT,3,427,349,372,1101,899,864,644,256,395,704,2,294,16,3,0,0,0
ACGCGGCACTAATTG,8,2026,437,1982,47,53,0,262,37,384,296,1038,27,7,2,109,0,0
TGGGTATATCGACAC,3,111,4034,60,14558,13533,10849,8980,4520,5092,2891,1127,2209,976,645,548,627,399
