Var1.1.x,Var1.2.x,zmatrix,id,Var1.1.y,Var1.2.y,pmatrix,Var1.1.x.x,Var1.2.x.x,omatrix,Var1.1.y.y,Var1.2.y.y,cmatrix
gf1.C1,gf1.C2,-0.6304594611004125,gf1.C1_gf1.C2,gf1.C1,gf1.C2,0.2770421077280312,gf1.C1,gf1.C2,0,gf1.C1,gf1.C2,0.8050626365896832
gf1.C1,gf1.C3,-1.5923482227089214,gf1.C1_gf1.C3,gf1.C1,gf1.C3,0.9534795385542482,gf1.C1,gf1.C3,0,gf1.C1,gf1.C3,0.7961788313024275
gf1.C1,gf1.C4,-0.6409220092162659,gf1.C1_gf1.C4,gf1.C1,gf1.C4,0.28268460259404776,gf1.C1,gf1.C4,0,gf1.C1,gf1.C4,0.34957287588941477
gf1.C1,gf1.C5,-0.4158499165035019,gf1.C1_gf1.C5,gf1.C1,gf1.C5,0.1690779891683499,gf1.C1,gf1.C5,0,gf1.C1,gf1.C5,0.5041837625566261
gf1.C1,gf1.C6,-0.39791170055419356,gf1.C1_gf1.C6,gf1.C1,gf1.C6,0.16071351502027048,gf1.C1,gf1.C6,0,gf1.C1,gf1.C6,0.5591427400555757
gf1.C1,gf1.C7,-9.791160825606545,gf1.C1_gf1.C7,gf1.C1,gf1.C7,21.910529536384757,gf1.C1,gf1.C7,0,gf1.C1,gf1.C7,-0.36042971263104184
gf1.C1,gf1.C8,-0.5063761820843714,gf1.C1_gf1.C8,gf1.C1,gf1.C8,0.21282825959353635,gf1.C1,gf1.C8,0,gf1.C1,gf1.C8,-0.6748902492662148
gf1.C1,gf2.C1,-0.18495282417365905,gf1.C1_gf2.C1,gf1.C1,gf2.C1,0.06891553999363527,gf1.C1,gf2.C1,0,gf1.C1,gf2.C1,0.9088137790794213
gf1.C1,gf2.C2,1.2205426648518896,gf1.C1_gf2.C2,gf1.C1,gf2.C2,0.6531402020519573,gf1.C1,gf2.C2,0.19047619047619047,gf1.C1,gf2.C2,0.7931737526479553
gf1.C1,gf2.C3,-0.5142045150088173,gf1.C1_gf2.C3,gf1.C1,gf2.C3,0.21673332076926044,gf1.C1,gf2.C3,0,gf1.C1,gf2.C3,0.27854659645055846
gf1.C1,gf2.C4,2.3054870927005937,gf1.C1_gf2.C4,gf1.C1,gf2.C4,1.6749092168283253,gf1.C1,gf2.C4,0.09523809523809523,gf1.C1,gf2.C4,0.5226368737360619
gf1.C1,gf2.C5,-2.637414458025124,gf1.C1_gf2.C5,gf1.C1,gf2.C5,2.078101928476581,gf1.C1,gf2.C5,0.047619047619047616,gf1.C1,gf2.C5,-0.40006299080508434
gf1.C1,gf3.C1,5.302954746870357,gf1.C1_gf3.C1,gf1.C1,gf3.C1,6.943311684101058,gf1.C1,gf3.C1,0.2,gf1.C1,gf3.C1,0.9778978744679153
gf1.C1,gf3.C2,2.0697989010183804,gf1.C1_gf3.C2,gf1.C1,gf3.C2,1.41486448879425,gf1.C1,gf3.C2,0.07692307692307693,gf1.C1,gf3.C2,0.8113238216499301
gf1.C1,gf3.C3,-0.6032476426549738,gf1.C1_gf3.C3,gf1.C1,gf3.C3,0.26253385555975306,gf1.C1,gf3.C3,0,gf1.C1,gf3.C3,0.7562075083785941
gf1.C1,gf3.C4,3.2926071444813467,gf1.C1_gf3.C4,gf1.C1,gf3.C4,3.0032123066213035,gf1.C1,gf3.C4,0.09523809523809523,gf1.C1,gf3.C4,0.6475961806275229
gf1.C1,gf3.C5,-0.49304212169663986,gf1.C1_gf3.C5,gf1.C1,gf3.C5,0.20622160730033962,gf1.C1,gf3.C5,0,gf1.C1,gf3.C5,0.24198228274521116
gf1.C1,gf3.C6,-0.6597799366281062,gf1.C1_gf3.C6,gf1.C1,gf3.C6,0.29294527075446086,gf1.C1,gf3.C6,0,gf1.C1,gf3.C6,-0.2351427370701782
gf1.C1,gf3.C7,-0.8016586634734584,gf1.C1_gf3.C7,gf1.C1,gf3.C7,0.3739159385751551,gf1.C1,gf3.C7,0,gf1.C1,gf3.C7,-0.1159261203727997
gf1.C1,gf3.C8,-4.930561700813449,gf1.C1_gf3.C8,gf1.C1,gf3.C8,6.0862205030644425,gf1.C1,gf3.C8,0,gf1.C1,gf3.C8,-0.8205603505064749
gf1.C1,gf4.C1,2.6113193867306013,gf1.C1_gf4.C1,gf1.C1,gf4.C1,2.044824201561915,gf1.C1,gf4.C1,0.125,gf1.C1,gf4.C1,0.9254547455208326
gf1.C1,gf4.C2,1.7496969219187664,gf1.C1_gf4.C2,gf1.C1,gf4.C2,1.0959847299983425,gf1.C1,gf4.C2,0.19047619047619047,gf1.C1,gf4.C2,0.7604897323069728
gf1.C1,gf4.C3,-0.4751036386385303,gf1.C1_gf4.C3,gf1.C1,gf4.C3,0.19742253457107162,gf1.C1,gf4.C3,0,gf1.C1,gf4.C3,0.1902903480898388
gf1.C1,gf4.C4,1.2148615223700303,gf1.C1_gf4.C4,gf1.C1,gf4.C4,0.6489405487373752,gf1.C1,gf4.C4,0.09523809523809523,gf1.C1,gf4.C4,0.5421242473056199
gf1.C1,gf4.C5,-0.3850912461001474,gf1.C1_gf4.C5,gf1.C1,gf4.C5,0.1547966169884144,gf1.C1,gf4.C5,0,gf1.C1,gf4.C5,-0.12664120288744063
gf1.C1,gf4.C6,-0.4058768547095736,gf1.C1_gf4.C6,gf1.C1,gf4.C6,0.16441526654754388,gf1.C1,gf4.C6,0,gf1.C1,gf4.C6,-0.6520418016314748
gf1.C1,gf4.C7,-5.246514725659072,gf1.C1_gf4.C7,gf1.C1,gf4.C7,6.809658593851505,gf1.C1,gf4.C7,0,gf1.C1,gf4.C7,-0.33372003450328647
gf1.C2,gf1.C3,-1.5299136615077331,gf1.C2_gf1.C3,gf1.C2,gf1.C3,0.8994981477891073,gf1.C2,gf1.C3,0,gf1.C2,gf1.C3,0.8462374238973428
gf1.C2,gf1.C4,-0.589884228055007,gf1.C2_gf1.C4,gf1.C2,gf1.C4,0.25549714394329676,gf1.C2,gf1.C4,0,gf1.C2,gf1.C4,0.8016653862516577
gf1.C2,gf1.C5,-0.3812429414297866,gf1.C2_gf1.C5,gf1.C2,gf1.C5,0.15303047373418271,gf1.C2,gf1.C5,0,gf1.C2,gf1.C5,0.8792726286700192
gf1.C2,gf1.C6,-0.3606052868551205,gf1.C2_gf1.C6,gf1.C2,gf1.C6,0.14363697917023038,gf1.C2,gf1.C6,0,gf1.C2,gf1.C6,0.7276146494659189
gf1.C2,gf1.C7,-8.753384991121276,gf1.C2_gf1.C7,gf1.C2,gf1.C7,17.683931326471434,gf1.C2,gf1.C7,0,gf1.C2,gf1.C7,0.1567614103755297
gf1.C2,gf1.C8,-0.45221998971656596,gf1.C2_gf1.C8,gf1.C2,gf1.C8,0.1863452951079149,gf1.C2,gf1.C8,0,gf1.C2,gf1.C8,-0.6993221067591131
gf1.C2,gf2.C1,10.842719827395157,gf1.C2_gf2.C1,gf1.C2,gf2.C1,26.66563953918642,gf1.C2,gf2.C1,0.6666666666666666,gf1.C2,gf2.C1,0.9229422827161313
gf1.C2,gf2.C2,-0.7248199409541877,gf1.C2_gf2.C2,gf1.C2,gf2.C2,0.32923247118489024,gf1.C2,gf2.C2,0.05555555555555555,gf1.C2,gf2.C2,0.7983348423831792
gf1.C2,gf2.C3,-0.49075446631282765,gf1.C2_gf2.C3,gf1.C2,gf2.C3,0.20509381093624793,gf1.C2,gf2.C3,0,gf1.C2,gf2.C3,0.6073458392393739
gf1.C2,gf2.C4,7.661422575040571,gf1.C2_gf2.C4,gf1.C2,gf2.C4,13.7354543495971,gf1.C2,gf2.C4,0.2777777777777778,gf1.C2,gf2.C4,0.8952454345660316
gf1.C2,gf2.C5,-2.409465179315493,gf1.C2_gf2.C5,gf1.C2,gf2.C5,1.7965341095749443,gf1.C2,gf2.C5,0.05555555555555555,gf1.C2,gf2.C5,0.1172929616275068
gf1.C2,gf3.C1,2.8308667313486673,gf1.C2_gf3.C1,gf1.C2,gf3.C1,2.333275600950805,gf1.C2,gf3.C1,0.1,gf1.C2,gf3.C1,0.8473354887501814
gf1.C2,gf3.C2,-0.3829389009161397,gf1.C2_gf3.C2,gf1.C2,gf3.C2,0.15380825419385197,gf1.C2,gf3.C2,0,gf1.C2,gf3.C2,0.429593095990379
gf1.C2,gf3.C3,-0.5373920408804289,gf1.C2_gf3.C3,gf1.C2,gf3.C3,0.22841484129247142,gf1.C2,gf3.C3,0,gf1.C2,gf3.C3,0.6417125594495975
gf1.C2,gf3.C4,5.722341395784882,gf1.C2_gf3.C4,gf1.C2,gf3.C4,7.978538160779876,gf1.C2,gf3.C4,0.16666666666666666,gf1.C2,gf3.C4,0.7032909812859239
gf1.C2,gf3.C5,-0.4156393870865061,gf1.C2_gf3.C5,gf1.C2,gf3.C5,0.16897924004260612,gf1.C2,gf3.C5,0,gf1.C2,gf3.C5,0.4977774595811828
gf1.C2,gf3.C6,-0.5952355588121676,gf1.C2_gf3.C6,gf1.C2,gf3.C6,0.25830801773078627,gf1.C2,gf3.C6,0,gf1.C2,gf3.C6,0.32946026211550916
gf1.C2,gf3.C7,-0.7369165754944729,gf1.C2_gf3.C7,gf1.C2,gf3.C7,0.33613604845385103,gf1.C2,gf3.C7,0,gf1.C2,gf3.C7,0.18361969432966008
gf1.C2,gf3.C8,-3.981129818780032,gf1.C2_gf3.C8,gf1.C2,gf3.C8,4.163748855432158,gf1.C2,gf3.C8,0.05555555555555555,gf1.C2,gf3.C8,-0.4781133112629803
gf1.C2,gf4.C1,8.548799659002158,gf1.C2_gf4.C1,gf1.C2,gf4.C1,16.905266253688342,gf1.C2,gf4.C1,0.375,gf1.C2,gf4.C1,0.9257756395983383
gf1.C2,gf4.C2,-1.2489300016067493,gf1.C2_gf4.C2,gf1.C2,gf4.C2,0.6742982677207551,gf1.C2,gf4.C2,0,gf1.C2,gf4.C2,0.7474800308712564
gf1.C2,gf4.C3,-0.4538495140939348,gf1.C2_gf4.C3,gf1.C2,gf4.C3,0.18712864303991733,gf1.C2,gf4.C3,0,gf1.C2,gf4.C3,0.49144953627928434
gf1.C2,gf4.C4,3.9838836153549195,gf1.C2_gf4.C4,gf1.C2,gf4.C4,4.168782565371837,gf1.C2,gf4.C4,0.2222222222222222,gf1.C2,gf4.C4,0.8525616746649037
gf1.C2,gf4.C5,-0.3034106466125013,gf1.C2_gf4.C5,gf1.C2,gf4.C5,0.11828621851931036,gf1.C2,gf4.C5,0,gf1.C2,gf4.C5,0.326319090902085
gf1.C2,gf4.C6,-0.3968347672675774,gf1.C2_gf4.C6,gf1.C2,gf4.C6,0.1602145289603092,gf1.C2,gf4.C6,0,gf1.C2,gf4.C6,-0.6991879667945089
gf1.C2,gf4.C7,-3.991061985753269,gf1.C2_gf4.C7,gf1.C2,gf4.C7,4.181918781645361,gf1.C2,gf4.C7,0.1111111111111111,gf1.C2,gf4.C7,0.1881631535033943
gf1.C3,gf1.C4,-1.5043659943394248,gf1.C3_gf1.C4,gf1.C3,gf1.C4,0.8778262252863562,gf1.C3,gf1.C4,0,gf1.C3,gf1.C4,0.6214293151874567
gf1.C3,gf1.C5,-0.9701348355293591,gf1.C3_gf1.C5,gf1.C3,gf1.C5,0.47888901209718476,gf1.C3,gf1.C5,0,gf1.C3,gf1.C5,0.7450587863118072
gf1.C3,gf1.C6,-0.9481284516139629,gf1.C3_gf1.C6,gf1.C3,gf1.C6,0.4646247699415216,gf1.C3,gf1.C6,0,gf1.C3,gf1.C6,0.347845260103431
gf1.C3,gf1.C7,-21.435583228834133,gf1.C3_gf1.C7,gf1.C3,gf1.C7,101.2058677821999,gf1.C3,gf1.C7,0,gf1.C3,gf1.C7,0.04300560137838838
gf1.C3,gf1.C8,-1.1963567263160435,gf1.C3_gf1.C8,gf1.C3,gf1.C8,0.6353413716265535,gf1.C3,gf1.C8,0,gf1.C3,gf1.C8,-0.9191491354820931
gf1.C3,gf2.C1,-0.47446456464608444,gf1.C3_gf2.C1,gf1.C3,gf2.C1,0.19711093782110434,gf1.C3,gf2.C1,0,gf1.C3,gf2.C1,0.728592391845332
gf1.C3,gf2.C2,4.3911380731297225,gf1.C3_gf2.C2,gf1.C3,gf2.C2,4.9478491491494685,gf1.C3,gf2.C2,0.23148148148148148,gf1.C3,gf2.C2,0.98987717112644
gf1.C3,gf2.C3,1.415701206640976,gf1.C3_gf2.C3,gf1.C3,gf2.C3,0.8044794696619839,gf1.C3,gf2.C3,0.15789473684210525,gf1.C3,gf2.C3,0.7262666420256255
gf1.C3,gf2.C4,-1.699316663017243,gf1.C3_gf2.C4,gf1.C3,gf2.C4,1.0493453818123923,gf1.C3,gf2.C4,0,gf1.C3,gf2.C4,0.6608005718920499
gf1.C3,gf2.C5,-6.439864623289318,gf1.C3_gf2.C5,gf1.C3,gf2.C5,9.922341046010462,gf1.C3,gf2.C5,0.046296296296296294,gf1.C3,gf2.C5,-0.02205364470138993
gf1.C3,gf3.C1,0.48449880782329746,gf1.C3_gf3.C1,gf1.C3,gf3.C1,0.20201828925248563,gf1.C3,gf3.C1,0.1,gf1.C3,gf3.C1,0.8373162863159935
gf1.C3,gf3.C2,3.8784500468487746,gf1.C3_gf3.C2,gf1.C3,gf3.C2,3.978297681685416,gf1.C3,gf3.C2,0.3076923076923077,gf1.C3,gf3.C2,0.6732953323995605
gf1.C3,gf3.C3,-1.3676892277003756,gf1.C3_gf3.C3,gf1.C3,gf3.C3,0.765965433039235,gf1.C3,gf3.C3,0,gf1.C3,gf3.C3,0.5763499829937142
gf1.C3,gf3.C4,-1.2451781461498532,gf1.C3_gf3.C4,gf1.C3,gf3.C4,0.6714852890914761,gf1.C3,gf3.C4,0,gf1.C3,gf3.C4,0.3127337232577385
gf1.C3,gf3.C5,-1.1348378987054686,gf1.C3_gf3.C5,gf1.C3,gf3.C5,0.5910087383739273,gf1.C3,gf3.C5,0,gf1.C3,gf3.C5,0.12190477156508184
gf1.C3,gf3.C6,-1.56527644490145,gf1.C3_gf3.C6,gf1.C3,gf3.C6,0.9298952248431166,gf1.C3,gf3.C6,0,gf1.C3,gf3.C6,0.10156667217231019
gf1.C3,gf3.C7,-1.7976979790607082,gf1.C3_gf3.C7,gf1.C3,gf3.C7,1.1413131598374475,gf1.C3,gf3.C7,0,gf1.C3,gf3.C7,-0.15595702323247274
gf1.C3,gf3.C8,-10.656437496437958,gf1.C3_gf3.C8,gf1.C3,gf3.C8,25.78858248203278,gf1.C3,gf3.C8,0.06481481481481481,gf1.C3,gf3.C8,-0.7098783960501498
gf1.C3,gf4.C1,-0.7973850528006015,gf1.C3_gf4.C1,gf1.C3,gf4.C1,0.3713787207111805,gf1.C3,gf4.C1,0,gf1.C3,gf4.C1,0.8568023189917706
gf1.C3,gf4.C2,4.862901593869919,gf1.C3_gf4.C2,gf1.C3,gf4.C2,5.936751613635681,gf1.C3,gf4.C2,0.2037037037037037,gf1.C3,gf4.C2,0.9664332912401473
gf1.C3,gf4.C3,-0.24341680161659535,gf1.C3_gf4.C3,gf1.C3,gf4.C3,0.09275931105649837,gf1.C3,gf4.C3,0.05555555555555555,gf1.C3,gf4.C3,0.6222329943114818
gf1.C3,gf4.C4,-2.3448911551612164,gf1.C3_gf4.C4,gf1.C3,gf4.C4,1.7205010840110806,gf1.C3,gf4.C4,0,gf1.C3,gf4.C4,0.5234220258904965
gf1.C3,gf4.C5,0.4143911950089015,gf1.C3_gf4.C5,gf1.C3,gf4.C5,0.16839405738427476,gf1.C3,gf4.C5,0.1111111111111111,gf1.C3,gf4.C5,0.3560685995636701
gf1.C3,gf4.C6,-0.977206663170894,gf1.C3_gf4.C6,gf1.C3,gf4.C6,0.48350845446756624,gf1.C3,gf4.C6,0,gf1.C3,gf4.C6,-0.9144642529547284
gf1.C3,gf4.C7,-10.730028554206516,gf1.C3_gf4.C7,gf1.C3,gf4.C7,26.133278951111333,gf1.C3,gf4.C7,0.06481481481481481,gf1.C3,gf4.C7,0.05616221236924279
gf1.C4,gf1.C5,-0.39705172944640404,gf1.C4_gf1.C5,gf1.C4,gf1.C5,0.16031502723531438,gf1.C4,gf1.C5,0,gf1.C4,gf1.C5,0.97352321390875
gf1.C4,gf1.C6,-0.3947185078367493,gf1.C4_gf1.C6,gf1.C4,gf1.C6,0.1592350296385117,gf1.C4,gf1.C6,0,gf1.C4,gf1.C6,0.6787673293836136
gf1.C4,gf1.C7,-9.121603963083263,gf1.C4_gf1.C7,gf1.C4,gf1.C7,19.13064750937619,gf1.C4,gf1.C7,0,gf1.C4,gf1.C7,0.7052344430657378
gf1.C4,gf1.C8,-0.4364879500078783,gf1.C4_gf1.C8,gf1.C4,gf1.C8,0.17882543207927484,gf1.C4,gf1.C8,0,gf1.C4,gf1.C8,-0.5315322574802668
gf1.C4,gf2.C1,-0.2040220576310329,gf1.C4_gf2.C1,gf1.C4,gf2.C1,0.07658174818456612,gf1.C4,gf2.C1,0,gf1.C4,gf2.C1,0.5465123734332971
gf1.C4,gf2.C2,-0.6265797990460786,gf1.C4_gf2.C2,gf1.C4,gf2.C2,0.2749588787711244,gf1.C4,gf2.C2,0.05555555555555555,gf1.C4,gf2.C2,0.5739270300902264
gf1.C4,gf2.C3,-0.5147830949502753,gf1.C4_gf2.C3,gf1.C4,gf2.C3,0.2170227124445222,gf1.C4,gf2.C3,0,gf1.C4,gf2.C3,0.8282361959229251
gf1.C4,gf2.C4,21.349859657994376,gf1.C4_gf2.C4,gf1.C4,gf2.C4,100.40769954224672,gf1.C4,gf2.C4,0.8333333333333334,gf1.C4,gf2.C4,0.9671420969048993
gf1.C4,gf2.C5,-2.930682002102438,gf1.C4_gf2.C5,gf1.C4,gf2.C5,2.4708022481828924,gf1.C4,gf2.C5,0,gf1.C4,gf2.C5,0.6745030565303244
gf1.C4,gf3.C1,-0.3263374432860049,gf1.C4_gf3.C1,gf1.C4,gf3.C1,0.1283283893485346,gf1.C4,gf3.C1,0,gf1.C4,gf3.C1,0.39341246086346104
gf1.C4,gf3.C2,-0.3609692721514138,gf1.C4_gf3.C2,gf1.C4,gf3.C2,0.14380151555493703,gf1.C4,gf3.C2,0,gf1.C4,gf3.C2,-0.09487563732379489
gf1.C4,gf3.C3,-0.5553354574445398,gf1.C4_gf3.C3,gf1.C4,gf3.C3,0.23757261180795491,gf1.C4,gf3.C3,0,gf1.C4,gf3.C3,0.259419263952797
gf1.C4,gf3.C4,21.241151044266637,gf1.C4_gf3.C4,gf1.C4,gf3.C4,99.40009839751497,gf1.C4,gf3.C4,0.5555555555555556,gf1.C4,gf3.C4,0.38086690828253456
gf1.C4,gf3.C5,-0.4887684691553317,gf1.C4_gf3.C5,gf1.C4,gf3.C5,0.204116075201591,gf1.C4,gf3.C5,0,gf1.C4,gf3.C5,0.495997737576956
gf1.C4,gf3.C6,-0.6356919219676689,gf1.C4_gf3.C6,gf1.C4,gf3.C6,0.2798595225705352,gf1.C4,gf3.C6,0,gf1.C4,gf3.C6,0.8127559544092652
gf1.C4,gf3.C7,-0.7167320733265008,gf1.C4_gf3.C7,gf1.C4,gf3.C7,0.3246438514543595,gf1.C4,gf3.C7,0,gf1.C4,gf3.C7,0.3801039656642484
gf1.C4,gf3.C8,-4.667600129881418,gf1.C4_gf3.C8,gf1.C4,gf3.C8,5.516073032298526,gf1.C4,gf3.C8,0,gf1.C4,gf3.C8,0.053605373896563946
gf1.C4,gf4.C1,2.8735067106805947,gf1.C4_gf4.C1,gf1.C4,gf4.C1,2.391535527286844,gf1.C4,gf4.C1,0.125,gf1.C4,gf4.C1,0.5561791074220561
gf1.C4,gf4.C2,-1.2999070415886642,gf1.C4_gf4.C2,gf1.C4,gf4.C2,0.7130210040152459,gf1.C4,gf4.C2,0,gf1.C4,gf4.C2,0.5145099913399396
gf1.C4,gf4.C3,-0.4410603114910207,gf1.C4_gf4.C3,gf1.C4,gf4.C3,0.18100300449747006,gf1.C4,gf4.C3,0,gf1.C4,gf4.C3,0.7092788480455153
gf1.C4,gf4.C4,15.344667857783246,gf1.C4_gf4.C4,gf1.C4,gf4.C4,52.415078359778576,gf1.C4,gf4.C4,0.8333333333333334,gf1.C4,gf4.C4,0.8831818867547939
gf1.C4,gf4.C5,-0.3474022042478547,gf1.C4_gf4.C5,gf1.C4,gf4.C5,0.13769614363002927,gf1.C4,gf4.C5,0,gf1.C4,gf4.C5,0.755655837388046
gf1.C4,gf4.C6,-0.3812429414297888,gf1.C4_gf4.C6,gf1.C4,gf4.C6,0.1530304737341837,gf1.C4,gf4.C6,0,gf1.C4,gf4.C6,-0.5410333620048648
gf1.C4,gf4.C7,-4.902476329340628,gf1.C4_gf4.C7,gf1.C4,gf4.C7,6.023943525641164,gf1.C4,gf4.C7,0,gf1.C4,gf4.C7,0.7290852470889206
gf1.C5,gf1.C6,-0.2440144388301986,gf1.C5_gf1.C6,gf1.C5,gf1.C6,0.0930082815205092,gf1.C5,gf1.C6,0,gf1.C5,gf1.C6,0.6531266030351326
gf1.C5,gf1.C7,-5.792291581242475,gf1.C5_gf1.C7,gf1.C5,gf1.C7,8.15843743386859,gf1.C5,gf1.C7,0,gf1.C5,gf1.C7,0.5933542997250821
gf1.C5,gf1.C8,-0.3192785234089565,gf1.C5_gf1.C8,gf1.C5,gf1.C8,0.12521948756738124,gf1.C5,gf1.C8,0,gf1.C5,gf1.C8,-0.6323953998897622
gf1.C5,gf2.C1,-0.13909933088700044,gf1.C5_gf2.C1,gf1.C5,gf2.C1,0.050916715028094445,gf1.C5,gf2.C1,0,gf1.C5,gf2.C1,0.6465966433678889
gf1.C5,gf2.C2,-0.9716605873260903,gf1.C5_gf2.C2,gf1.C5,gf2.C2,0.47988419425143974,gf1.C5,gf2.C2,0,gf1.C5,gf2.C2,0.6943574590407919
gf1.C5,gf2.C3,-0.33653706750178813,gf1.C5_gf2.C3,gf1.C5,gf2.C3,0.13284735473443987,gf1.C5,gf2.C3,0,gf1.C5,gf2.C3,0.8369617653438876
gf1.C5,gf2.C4,1.8607449694020959,gf1.C5_gf2.C4,gf1.C5,gf2.C4,1.2021773043823405,gf1.C5,gf2.C4,0.125,gf1.C5,gf2.C4,0.9698698811203846
gf1.C5,gf2.C5,-1.9293264702942539,gf1.C5_gf2.C5,gf1.C5,gf2.C5,1.2701038004386762,gf1.C5,gf2.C5,0,gf1.C5,gf2.C5,0.5577200909318363
gf1.C5,gf3.C1,-0.20752091015912616,gf1.C5_gf3.C1,gf1.C5,gf3.C1,0.07799997613510347,gf1.C5,gf3.C1,0,gf1.C5,gf3.C1,0.5368426782598578
gf1.C5,gf3.C2,-0.23235305258401243,gf1.C5_gf3.C2,gf1.C5,gf3.C2,0.08816945817491983,gf1.C5,gf3.C2,0,gf1.C5,gf3.C2,0.06946621588537338
gf1.C5,gf3.C3,-0.34652578238331333,gf1.C5_gf3.C3,gf1.C5,gf3.C3,0.13730368272018642,gf1.C5,gf3.C3,0,gf1.C5,gf3.C3,0.3919241848495154
gf1.C5,gf3.C4,-0.31485433191151735,gf1.C5_gf3.C4,gf1.C5,gf3.C4,0.12327870603421558,gf1.C5,gf3.C4,0,gf1.C5,gf3.C4,0.43328701590458063
gf1.C5,gf3.C5,-0.29835517791703653,gf1.C5_gf3.C5,gf1.C5,gf3.C5,0.11609333159872366,gf1.C5,gf3.C5,0,gf1.C5,gf3.C5,0.38807001370492433
gf1.C5,gf3.C6,-0.41979793262577225,gf1.C5_gf3.C6,gf1.C5,gf3.C6,0.17093237042928588,gf1.C5,gf3.C6,0,gf1.C5,gf3.C6,0.6731782548463503
gf1.C5,gf3.C7,-0.4980537769494096,gf1.C5_gf3.C7,gf1.C5,gf3.C7,0.20869811754445733,gf1.C5,gf3.C7,0,gf1.C5,gf3.C7,0.31876582739634807
gf1.C5,gf3.C8,-2.9401694819270645,gf1.C5_gf3.C8,gf1.C5,gf3.C8,2.4840827758272375,gf1.C5,gf3.C8,0,gf1.C5,gf3.C8,-0.11827565364246984
gf1.C5,gf4.C1,-0.19315034025832997,gf1.C5_gf4.C1,gf1.C5,gf4.C1,0.07219800621770994,gf1.C5,gf4.C1,0,gf1.C5,gf4.C1,0.663010186678141
gf1.C5,gf4.C2,-0.8606992360611124,gf1.C5_gf4.C2,gf1.C5,gf4.C2,0.40959991067803786,gf1.C5,gf4.C2,0,gf1.C5,gf4.C2,0.6360727626132607
gf1.C5,gf4.C3,-0.3033532927285265,gf1.C5_gf4.C3,gf1.C5,gf4.C3,0.11826129699528093,gf1.C5,gf4.C3,0,gf1.C5,gf4.C3,0.7113580916018709
gf1.C5,gf4.C4,1.2038090924005418,gf1.C5_gf4.C4,gf1.C5,gf4.C4,0.6408033915284391,gf1.C5,gf4.C4,0.125,gf1.C5,gf4.C4,0.8644840911482959
gf1.C5,gf4.C5,-0.20950455093564105,gf1.C5_gf4.C5,gf1.C5,gf4.C5,0.0788056310137005,gf1.C5,gf4.C5,0,gf1.C5,gf4.C5,0.696385041810242
gf1.C5,gf4.C6,-0.25526565724745115,gf1.C5_gf4.C6,gf1.C5,gf4.C6,0.0977153315237895,gf1.C5,gf4.C6,0,gf1.C5,gf4.C6,-0.6415357377593187
gf1.C5,gf4.C7,-3.1989158990897653,gf1.C5_gf4.C7,gf1.C5,gf4.C7,2.860292765872312,gf1.C5,gf4.C7,0,gf1.C5,gf4.C7,0.6174196212329421
gf1.C6,gf1.C7,-5.7988814694743835,gf1.C6_gf1.C7,gf1.C6,gf1.C7,8.175492155731945,gf1.C6,gf1.C7,0,gf1.C6,gf1.C7,0.2324657516178279
gf1.C6,gf1.C8,-0.33926565412503845,gf1.C6_gf1.C8,gf1.C6,gf1.C8,0.1340616465454176,gf1.C6,gf1.C8,0,gf1.C6,gf1.C8,-0.23581792626022602
gf1.C6,gf2.C1,-0.13144087631877327,gf1.C6_gf2.C1,gf1.C6,gf2.C1,0.04797003044771446,gf1.C6,gf2.C1,0,gf1.C6,gf2.C1,0.7485196208285769
gf1.C6,gf2.C2,-0.9812121794301274,gf1.C6_gf2.C2,gf1.C6,gf2.C2,0.48613261782210143,gf1.C6,gf2.C2,0,gf1.C6,gf2.C2,0.32547404323456997
gf1.C6,gf2.C3,-0.33102922693042575,gf1.C6_gf2.C3,gf1.C6,gf2.C3,0.13040315161855542,gf1.C6,gf2.C3,0,gf1.C6,gf2.C3,0.30607858180228287
gf1.C6,gf2.C4,-0.45785519343922737,gf1.C6_gf2.C4,gf1.C6,gf2.C4,0.18905780948407264,gf1.C6,gf2.C4,0,gf1.C6,gf2.C4,0.7963062177378573
gf1.C6,gf2.C5,-1.9683297319374398,gf1.C6_gf2.C5,gf1.C6,gf2.C5,1.309537122398668,gf1.C6,gf2.C5,0,gf1.C6,gf2.C5,0.2262827868763091
gf1.C6,gf3.C1,-0.195916251419053,gf1.C6_gf3.C1,gf1.C6,gf3.C1,0.07330999088528314,gf1.C6,gf3.C1,0,gf1.C6,gf3.C1,0.5316454612901411
gf1.C6,gf3.C2,-0.26796307395001107,gf1.C6_gf3.C2,gf1.C6,gf3.C2,0.10307288325287406,gf1.C6,gf3.C2,0,gf1.C6,gf3.C2,0.06757089584915643
gf1.C6,gf3.C3,-0.3845623714336345,gf1.C6_gf3.C3,gf1.C6,gf3.C3,0.1545536235483322,gf1.C6,gf3.C3,0,gf1.C6,gf3.C3,0.3642241802252806
gf1.C6,gf3.C4,-0.31248827454719696,gf1.C6_gf3.C4,gf1.C6,gf3.C4,0.12224321734102662,gf1.C6,gf3.C4,0,gf1.C6,gf3.C4,0.749082863484248
gf1.C6,gf3.C5,-0.3207020569730368,gf1.C6_gf3.C5,gf1.C6,gf3.C5,0.1258452216923428,gf1.C6,gf3.C5,0,gf1.C6,gf3.C5,0.7642119585236063
gf1.C6,gf3.C6,-0.41809920046762555,gf1.C6_gf3.C6,gf1.C6,gf3.C6,0.17013388117735997,gf1.C6,gf3.C6,0,gf1.C6,gf3.C6,0.4582747901266202
gf1.C6,gf3.C7,-0.5078815570570234,gf1.C6_gf3.C7,gf1.C6,gf3.C7,0.21357768099292426,gf1.C6,gf3.C7,0,gf1.C6,gf3.C7,0.34882848367230124
gf1.C6,gf3.C8,-2.940210788445785,gf1.C6_gf3.C8,gf1.C6,gf3.C8,2.484140675755252,gf1.C6,gf3.C8,0,gf1.C6,gf3.C8,-0.059348512654946894
gf1.C6,gf4.C1,-0.23170463739081595,gf1.C6_gf4.C1,gf1.C6,gf4.C1,0.08790158919418084,gf1.C6,gf4.C1,0,gf1.C6,gf4.C1,0.628282162851103
gf1.C6,gf4.C2,-0.8361678589940766,gf1.C6_gf4.C2,gf1.C6,gf4.C2,0.39462978524871917,gf1.C6,gf4.C2,0,gf1.C6,gf4.C2,0.25601548430783727
gf1.C6,gf4.C3,-0.29352456396501125,gf1.C6_gf4.C3,gf1.C6,gf4.C3,0.11400520260373032,gf1.C6,gf4.C3,0,gf1.C6,gf4.C3,0.2119155339332255
gf1.C6,gf4.C4,-0.6054107961124697,gf1.C6_gf4.C4,gf1.C6,gf4.C4,0.26367834675093627,gf1.C6,gf4.C4,0,gf1.C6,gf4.C4,0.9374188063685848
gf1.C6,gf4.C5,-0.21967619731601595,gf1.C6_gf4.C5,gf1.C6,gf4.C5,0.08295510586876002,gf1.C6,gf4.C5,0,gf1.C6,gf4.C5,0.18910409871124034
gf1.C6,gf4.C6,-0.291088958351482,gf1.C6_gf4.C6,gf1.C6,gf4.C6,0.11295503772239775,gf1.C6,gf4.C6,0,gf1.C6,gf4.C6,-0.22891513690006215
gf1.C6,gf4.C7,-3.2666027440401897,gf1.C6_gf4.C7,gf1.C6,gf4.C7,2.963186319984521,gf1.C6,gf4.C7,0,gf1.C6,gf4.C7,0.27118245304090527
gf1.C7,gf1.C8,-7.07043789215506,gf1.C7_gf1.C8,gf1.C7,gf1.C8,11.811224603852738,gf1.C7,gf1.C8,0,gf1.C7,gf1.C8,-0.055915118732208224
gf1.C7,gf2.C1,-1.9857330224206529,gf1.C7_gf2.C1,gf1.C7,gf2.C1,1.327320611771414,gf1.C7,gf2.C1,0,gf1.C7,gf2.C1,-0.17556482081490699
gf1.C7,gf2.C2,-14.355387201368805,gf1.C7_gf2.C2,gf1.C7,gf2.C2,46.00624005518776,gf1.C7,gf2.C2,0.05194805194805195,gf1.C7,gf2.C2,0.014050370122546174
gf1.C7,gf2.C3,-2.112274124765106,gf1.C7_gf2.C3,gf1.C7,gf2.C3,1.4601345558684122,gf1.C7,gf2.C3,0.3157894736842105,gf1.C7,gf2.C3,0.6733612598586058
gf1.C7,gf2.C4,-6.166718228977111,gf1.C7_gf2.C4,gf1.C7,gf2.C4,9.156631188741361,gf1.C7,gf2.C4,0.05714285714285714,gf1.C7,gf2.C4,0.5418183893046602
gf1.C7,gf2.C5,16.391496820998007,gf1.C7_gf2.C5,gf1.C7,gf2.C5,59.65765450874079,gf1.C7,gf2.C5,0.8088235294117647,gf1.C7,gf2.C5,0.9943605730418247
gf1.C7,gf3.C1,-3.1160663486095794,gf1.C7_gf3.C1,gf1.C7,gf3.C1,2.736882483380204,gf1.C7,gf3.C1,0,gf1.C7,gf3.C1,-0.34455441510619034
gf1.C7,gf3.C2,-3.392041116685559,gf1.C7_gf3.C2,gf1.C7,gf3.C2,3.1588030830653464,gf1.C7,gf3.C2,0,gf1.C7,gf3.C2,-0.6586642175681257
gf1.C7,gf3.C3,-3.4756963371670695,gf1.C7_gf3.C3,gf1.C7,gf3.C3,3.2928312033884333,gf1.C7,gf3.C3,0.14285714285714285,gf1.C7,gf3.C3,-0.342182329228204
gf1.C7,gf3.C4,-4.572057317177965,gf1.C7_gf3.C4,gf1.C7,gf3.C4,5.316089934834639,gf1.C7,gf3.C4,0,gf1.C7,gf3.C4,-0.1893248749025429
gf1.C7,gf3.C5,-3.169976658344258,gf1.C7_gf3.C5,gf1.C7,gf3.C5,2.816869199262369,gf1.C7,gf3.C5,0.10526315789473684,gf1.C7,gf3.C5,0.12122556549901009
gf1.C7,gf3.C6,-4.215709006333388,gf1.C7_gf3.C6,gf1.C7,gf3.C6,4.603809965027721,gf1.C7,gf3.C6,0.13513513513513514,gf1.C7,gf3.C6,0.924078894415227
gf1.C7,gf3.C7,-3.3964226015883847,gf1.C7_gf3.C7,gf1.C7,gf3.C7,3.165751887894066,gf1.C7,gf3.C7,0.23529411764705882,gf1.C7,gf3.C7,0.3901924312204934
gf1.C7,gf3.C8,18.44492355109556,gf1.C7_gf3.C8,gf1.C7,gf3.C8,75.24199713307623,gf1.C7,gf3.C8,0.7047387606318347,gf1.C7,gf3.C8,0.6471267043810542
gf1.C7,gf4.C1,-3.1552047447699545,gf1.C7_gf4.C1,gf1.C7,gf4.C1,2.7948348726521908,gf1.C7,gf4.C1,0,gf1.C7,gf4.C1,-0.19147670020850915
gf1.C7,gf4.C2,-10.00954207766989,gf1.C7_gf4.C2,gf1.C7,gf4.C2,22.858890216883644,gf1.C7,gf4.C2,0.09917355371900827,gf1.C7,gf4.C2,-0.0229705822023909
gf1.C7,gf4.C3,-1.486332533806633,gf1.C7_gf4.C3,gf1.C7,gf4.C3,0.8626737914703264,gf1.C7,gf4.C3,0.3888888888888889,gf1.C7,gf4.C3,0.6146219946107166
gf1.C7,gf4.C4,-9.529461295265587,gf1.C7_gf4.C4,gf1.C7,gf4.C4,20.80106400214875,gf1.C7,gf4.C4,0,gf1.C7,gf4.C4,0.43705785001171615
gf1.C7,gf4.C5,0.014041261443665692,gf1.C7_gf4.C5,gf1.C7,gf4.C5,0.004892832489474527,gf1.C7,gf4.C5,0.5555555555555556,gf1.C7,gf4.C5,0.8893231379247637
gf1.C7,gf4.C6,-2.6527686981844436,gf1.C7_gf4.C6,gf1.C7,gf4.C6,2.097809077517708,gf1.C7,gf4.C6,0.16666666666666666,gf1.C7,gf4.C6,-0.0834493469118287
gf1.C7,gf4.C7,21.347067009836508,gf1.C7_gf4.C7,gf1.C7,gf4.C7,100.3817508849118,gf1.C7,gf4.C7,0.7691373025516404,gf1.C7,gf4.C7,0.9974249114013346
gf1.C8,gf2.C1,-0.1360147050873548,gf1.C8_gf2.C1,gf1.C8,gf2.C1,0.049727829661151905,gf1.C8,gf2.C1,0,gf1.C8,gf2.C1,-0.5905234865571083
gf1.C8,gf2.C2,-1.1720655965578248,gf1.C8_gf2.C2,gf1.C8,gf2.C2,0.6176754181049141,gf1.C8,gf2.C2,0,gf1.C8,gf2.C2,-0.9215986489288184
gf1.C8,gf2.C3,-0.3936839291522556,gf1.C8_gf2.C3,gf1.C8,gf2.C3,0.1587566857719052,gf1.C8,gf2.C3,0,gf1.C8,gf2.C3,-0.7390366091297746
gf1.C8,gf2.C4,1.4066652119001861,gf1.C8_gf2.C4,gf1.C8,gf2.C4,0.7971666567702926,gf1.C8,gf2.C4,0.08333333333333333,gf1.C8,gf2.C4,-0.5221418070525017
gf1.C8,gf2.C5,-0.573070813690744,gf1.C8_gf2.C5,gf1.C8,gf2.C5,0.24672592250281475,gf1.C8,gf2.C5,0.25,gf1.C8,gf2.C5,0.02895425524799955
gf1.C8,gf3.C1,3.6715335478663507,gf1.C8_gf3.C1,gf1.C8,gf3.C1,3.617803829845393,gf1.C8,gf3.C1,0.1,gf1.C8,gf3.C1,-0.687316710619982
gf1.C8,gf3.C2,-0.3334407685497503,gf1.C8_gf3.C2,gf1.C8,gf3.C2,0.1314721766203545,gf1.C8,gf3.C2,0,gf1.C8,gf3.C2,-0.6307491265174043
gf1.C8,gf3.C3,1.9031359197609732,gf1.C8_gf3.C3,gf1.C8,gf3.C3,1.2439513697521716,gf1.C8,gf3.C3,0.08333333333333333,gf1.C8,gf3.C3,-0.3116422030717183
gf1.C8,gf3.C4,-0.3903855342097272,gf1.C8_gf3.C4,gf1.C8,gf3.C4,0.15723386676385337,gf1.C8,gf3.C4,0,gf1.C8,gf3.C4,-0.06704625552073451
gf1.C8,gf3.C5,-0.38339252886023023,gf1.C8_gf3.C5,gf1.C8,gf3.C5,0.1540164422603392,gf1.C8,gf3.C5,0,gf1.C8,gf3.C5,7.241788676207728e-4
gf1.C8,gf3.C6,3.501423429474549,gf1.C8_gf3.C6,gf1.C8,gf3.C6,3.3346254813569884,gf1.C8,gf3.C6,0.16666666666666666,gf1.C8,gf3.C6,-0.08018369992612495
gf1.C8,gf3.C7,-0.6060694562000978,gf1.C8_gf3.C7,gf1.C8,gf3.C7,0.26402713555855467,gf1.C8,gf3.C7,0,gf1.C8,gf3.C7,0.4228013339440413
gf1.C8,gf3.C8,-2.4958637260474434,gf1.C8_gf3.C8,gf1.C8,gf3.C8,1.900834525948184,gf1.C8,gf3.C8,0.16666666666666666,gf1.C8,gf3.C8,0.7032561985876955
gf1.C8,gf4.C1,-0.25488721413662785,gf1.C8_gf4.C1,gf1.C8,gf4.C1,0.0975563918315004,gf1.C8,gf4.C1,0,gf1.C8,gf4.C1,-0.7110947433503678
gf1.C8,gf4.C2,-1.0379730819029995,gf1.C8_gf4.C2,gf1.C8,gf4.C2,0.5239185503692108,gf1.C8,gf4.C2,0,gf1.C8,gf4.C2,-0.9646286714820584
gf1.C8,gf4.C3,-0.366846036090496,gf1.C8_gf4.C3,gf1.C8,gf4.C3,0.1464636958102251,gf1.C8,gf4.C3,0,gf1.C8,gf4.C3,-0.755270870503189
gf1.C8,gf4.C4,-0.7438650005397845,gf1.C8_gf4.C4,gf1.C8,gf4.C4,0.3401235713200503,gf1.C8,gf4.C4,0,gf1.C8,gf4.C4,-0.38716331215494115
gf1.C8,gf4.C5,-0.27432824677705536,gf1.C8_gf4.C5,gf1.C8,gf4.C5,0.10577680037291357,gf1.C8,gf4.C5,0,gf1.C8,gf4.C5,-0.45420937160191155
gf1.C8,gf4.C6,5.911390608865371,gf1.C8_gf4.C6,gf1.C8,gf4.C6,8.469503803434188,gf1.C8,gf4.C6,0.16666666666666666,gf1.C8,gf4.C6,0.989791232581954
gf1.C8,gf4.C7,-2.137642352967814,gf1.C8_gf4.C7,gf1.C8,gf4.C7,1.48750529515888,gf1.C8,gf4.C7,0.25,gf1.C8,gf4.C7,-0.057081809213392454
gf2.C1,gf2.C2,-0.9171771058833508,gf2.C1_gf2.C2,gf2.C1,gf2.C2,0.4448452605309818,gf2.C1,gf2.C2,0,gf2.C1,gf2.C2,0.6921919322883726
gf2.C1,gf2.C3,-0.28048155538755687,gf2.C1_gf2.C3,gf2.C1,gf2.C3,0.10840229472235925,gf2.C1,gf2.C3,0,gf2.C1,gf2.C3,0.31043496254542946
gf2.C1,gf2.C4,-0.4167737759687638,gf2.C1_gf2.C4,gf2.C1,gf2.C4,0.16951149006495014,gf2.C1,gf2.C4,0,gf2.C1,gf2.C4,0.7104454782347711
gf2.C1,gf2.C5,-2.5907923314684465,gf2.C1_gf2.C5,gf2.C1,gf2.C5,2.0188373805751727,gf2.C1,gf2.C5,0,gf2.C1,gf2.C5,-0.20900163011471284
gf2.C1,gf3.C1,-0.13144087631877263,gf2.C1_gf3.C1,gf2.C1,gf3.C1,0.047970030447714244,gf2.C1,gf3.C1,0,gf2.C1,gf3.C1,0.925559473532803
gf2.C1,gf3.C2,-0.16649768754817337,gf2.C1_gf3.C2,gf2.C1,gf3.C2,0.061597718905099796,gf2.C1,gf3.C2,0,gf2.C1,gf3.C2,0.5896943254821813
gf2.C1,gf3.C3,-0.22462089273828725,gf2.C1_gf3.C3,gf2.C1,gf3.C3,0.08498333076937077,gf2.C1,gf3.C3,0,gf2.C1,gf3.C3,0.6860721682039352
gf2.C1,gf3.C4,6.117522122810533,gf2.C1_gf3.C4,gf2.C1,gf3.C4,9.022086398721637,gf2.C1,gf3.C4,0.3333333333333333,gf2.C1,gf3.C4,0.8315422959122849
gf2.C1,gf3.C5,-0.1817272499886269,gf2.C1_gf3.C5,gf2.C1,gf3.C5,0.06762935209518664,gf2.C1,gf3.C5,0,gf2.C1,gf3.C5,0.5084809505370156
gf2.C1,gf3.C6,-0.26148570165535984,gf2.C1_gf3.C6,gf2.C1,gf3.C6,0.1003337845742589,gf2.C1,gf3.C6,0,gf2.C1,gf3.C6,0.031165594063475188
gf2.C1,gf3.C7,-0.33602271124725663,gf2.C1_gf3.C7,gf2.C1,gf3.C7,0.1326187077353783,gf2.C1,gf3.C7,0,gf2.C1,gf3.C7,0.060470716768821986
gf2.C1,gf3.C8,-1.7423878523410508,gf2.C1_gf3.C8,gf2.C1,gf3.C8,1.0891590349419105,gf2.C1,gf3.C8,0,gf2.C1,gf3.C8,-0.6235291531398504
gf2.C1,gf4.C1,7.181918084218286,gf2.C1_gf4.C1,gf2.C1,gf4.C1,12.162789799466394,gf2.C1,gf4.C1,0.3333333333333333,gf2.C1,gf4.C1,0.9473898121959613
gf2.C1,gf4.C2,-0.5174309598008708,gf2.C1_gf4.C2,gf2.C1,gf4.C2,0.2183484720280546,gf2.C1,gf4.C2,0,gf2.C1,gf4.C2,0.6558805868234002
gf2.C1,gf4.C3,-0.1757751609770107,gf2.C1_gf4.C3,gf2.C1,gf4.C3,0.06526397162157835,gf2.C1,gf4.C3,0,gf2.C1,gf4.C3,0.23205623716834745
gf2.C1,gf4.C4,-0.3447356117783599,gf2.C1_gf4.C4,gf2.C1,gf4.C4,0.13650277703478958,gf2.C1,gf4.C4,0,gf2.C1,gf4.C4,0.7537850233075749
gf2.C1,gf4.C5,-0.12745156899396748,gf2.C1_gf4.C5,gf2.C1,gf4.C5,0.046441800571050094,gf2.C1,gf4.C5,0,gf2.C1,gf4.C5,-0.006389577981555927
gf2.C1,gf4.C6,-0.16004806970215277,gf2.C1_gf4.C6,gf2.C1,gf4.C6,0.0590637631393024,gf2.C1,gf4.C6,0,gf2.C1,gf4.C6,-0.5859191545976916
gf2.C1,gf4.C7,-1.8710398058808084,gf2.C1_gf4.C7,gf2.C1,gf4.C7,1.2122593163903248,gf2.C1,gf4.C7,0,gf2.C1,gf4.C7,-0.1434740973407953
gf2.C2,gf2.C3,-2.363905563603087,gf2.C2_gf2.C3,gf2.C2,gf2.C3,1.7427193940540833,gf2.C2,gf2.C3,0,gf2.C2,gf2.C3,0.7268574114868845
gf2.C2,gf2.C4,-3.3101436653091465,gf2.C2_gf2.C4,gf2.C2,gf2.C4,3.030360022530563,gf2.C2,gf2.C4,0,gf2.C2,gf2.C4,0.6108487373229203
gf2.C2,gf2.C5,-21.062416429564536,gf2.C2_gf2.C5,gf2.C2,gf2.C5,97.75457019773862,gf2.C2,gf2.C5,0,gf2.C2,gf2.C5,-0.0536212188840437
gf2.C2,gf3.C1,2.4657848860817775,gf2.C2_gf3.C1,gf2.C2,gf3.C1,1.8641888825321418,gf2.C2,gf3.C1,0.3,gf2.C2,gf3.C1,0.8273036975913302
gf2.C2,gf3.C2,5.725287830225566,gf2.C2_gf3.C2,gf2.C2,gf3.C2,7.98607409764608,gf2.C2,gf3.C2,0.5384615384615384,gf2.C2,gf3.C2,0.7179076141599314
gf2.C2,gf3.C3,-1.6653254070883228,gf2.C2_gf3.C3,gf2.C2,gf3.C3,1.0184176141716241,gf2.C2,gf3.C3,0,gf2.C2,gf3.C3,0.5357805292234958
gf2.C2,gf3.C4,-1.5132481974338419,gf2.C2_gf3.C4,gf2.C2,gf3.C4,0.8853335627139047,gf2.C2,gf3.C4,0,gf2.C2,gf3.C4,0.25554392389483604
gf2.C2,gf3.C5,-1.3633822442622123,gf2.C2_gf3.C5,gf2.C2,gf3.C5,0.7625515908786971,gf2.C2,gf3.C5,0,gf2.C2,gf3.C5,0.09148405713729324
gf2.C2,gf3.C6,-1.938124354614787,gf2.C2_gf3.C6,gf2.C2,gf3.C6,1.278947772674186,gf2.C2,gf3.C6,0,gf2.C2,gf3.C6,0.060996200198509376
gf2.C2,gf3.C7,-1.7888087017698087,gf2.C2_gf3.C7,gf2.C2,gf3.C7,1.1328530238907708,gf2.C2,gf3.C7,0.0196078431372549,gf2.C2,gf3.C7,-0.21985325691959834
gf2.C2,gf3.C8,-12.49134909483059,gf2.C2_gf3.C8,gf2.C2,gf3.C8,35.079719018795984,gf2.C2,gf3.C8,0.06493506493506493,gf2.C2,gf3.C8,-0.7309623192331285
gf2.C2,gf4.C1,0.223980898700956,gf2.C2_gf4.C1,gf2.C2,gf4.C1,0.08472040855264158,gf2.C2,gf4.C1,0.125,gf2.C2,gf4.C1,0.8301455194527142
gf2.C2,gf4.C2,5.2718136045143,gf2.C2_gf4.C2,gf2.C2,gf4.C2,6.869401778655557,gf2.C2,gf4.C2,0.2396694214876033,gf2.C2,gf4.C2,0.9785408842922387
gf2.C2,gf4.C3,-0.5982722495547325,gf2.C2_gf4.C3,gf2.C2,gf4.C3,0.25990721767229497,gf2.C2,gf4.C3,0.05555555555555555,gf2.C2,gf4.C3,0.6225900421393605
gf2.C2,gf4.C4,-2.3120283200588103,gf2.C2_gf4.C4,gf2.C2,gf4.C4,1.6824354983599592,gf2.C2,gf4.C4,0.015625,gf2.C2,gf4.C4,0.4816911202061427
gf2.C2,gf4.C5,0.08758449524711198,gf2.C2_gf4.C5,gf2.C2,gf4.C5,0.031420431291014767,gf2.C2,gf4.C5,0.1111111111111111,gf2.C2,gf4.C5,0.33713667714703777
gf2.C2,gf4.C6,-1.1192666976706571,gf2.C2_gf4.C6,gf2.C2,gf4.C6,0.5800006944221808,gf2.C2,gf4.C6,0,gf2.C2,gf4.C6,-0.9154441582659081
gf2.C2,gf4.C7,-13.399619263094165,gf2.C2_gf4.C7,gf2.C2,gf4.C7,40.216281306284266,gf2.C2,gf4.C7,0.05194805194805195,gf2.C2,gf4.C7,0.02420626861639219
gf2.C3,gf2.C4,-0.9632774631174871,gf2.C3_gf2.C4,gf2.C3,gf2.C4,0.4744261945025757,gf2.C3,gf2.C4,0,gf2.C3,gf2.C4,0.7230547470328209
gf2.C3,gf2.C5,-6.422910588919878,gf2.C3_gf2.C5,gf2.C3,gf2.C5,9.873891242637544,gf2.C3,gf2.C5,0,gf2.C3,gf2.C5,0.6109872885734409
gf2.C3,gf3.C1,-0.3045609745966771,gf2.C3_gf3.C1,gf2.C3,gf3.C1,0.11878627176577056,gf2.C3,gf3.C1,0,gf2.C3,gf3.C1,0.30633936987846155
gf2.C3,gf3.C2,-0.41071579937525377,gf2.C3_gf3.C2,gf2.C3,gf3.C2,0.16667376072701895,gf2.C3,gf3.C2,0,gf2.C3,gf3.C2,0.09670430498278637
gf2.C3,gf3.C3,1.2062659048715976,gf2.C3_gf3.C3,gf2.C3,gf3.C3,0.6426083996749502,gf2.C3,gf3.C3,0.05263157894736842,gf2.C3,gf3.C3,0.026136570260800407
gf2.C3,gf3.C4,-0.49200625805181075,gf2.C3_gf3.C4,gf2.C3,gf3.C4,0.20571072895129738,gf2.C3,gf3.C4,0,gf2.C3,gf3.C4,-0.07174717975410849
gf2.C3,gf3.C5,-0.4410231773689549,gf2.C3_gf3.C5,gf2.C3,gf3.C5,0.180985293106328,gf2.C3,gf3.C5,0,gf2.C3,gf3.C5,0.055018110286453425
gf2.C3,gf3.C6,-0.6822775225676475,gf2.C3_gf3.C6,gf2.C3,gf3.C6,0.3053391067745961,gf2.C3,gf3.C6,0,gf2.C3,gf3.C6,0.6254886796029715
gf2.C3,gf3.C7,-0.7728585153300668,gf2.C3_gf3.C7,gf2.C3,gf3.C7,0.356936271717767,gf2.C3,gf3.C7,0,gf2.C3,gf3.C7,-0.05047978221319149
gf2.C3,gf3.C8,-2.2082686134913163,gf2.C3_gf3.C8,gf2.C3,gf3.C8,1.5650232759508347,gf2.C3,gf3.C8,0.2631578947368421,gf2.C3,gf3.C8,-0.11390282682932473
gf2.C3,gf4.C1,-0.3091367343727814,gf2.C3_gf4.C1,gf2.C3,gf4.C1,0.12077934800343369,gf2.C3,gf4.C1,0,gf2.C3,gf4.C1,0.4011974277679211
gf2.C3,gf4.C2,0.47243434012383884,gf2.C3_gf4.C2,gf2.C3,gf4.C2,0.19612190613357214,gf2.C3,gf4.C2,0.10526315789473684,gf2.C3,gf4.C2,0.710259677560107
gf2.C3,gf4.C3,1.890189086196481,gf2.C3_gf4.C3,gf2.C3,gf4.C3,1.2311202127072793,gf2.C3,gf4.C3,0.05555555555555555,gf2.C3,gf4.C3,0.9218063127074714
gf2.C3,gf4.C4,-0.9214413520084429,gf2.C3_gf4.C4,gf2.C3,gf4.C4,0.447550753189366,gf2.C3,gf4.C4,0,gf2.C3,gf4.C4,0.5498167721017475
gf2.C3,gf4.C5,-0.3229488268750666,gf2.C3_gf4.C5,gf2.C3,gf4.C5,0.1268340756423692,gf2.C3,gf4.C5,0,gf2.C3,gf4.C5,0.8743184863563231
gf2.C3,gf4.C6,-0.3980649231006502,gf2.C3_gf4.C6,gf2.C3,gf4.C6,0.16078453836209658,gf2.C3,gf4.C6,0,gf2.C3,gf4.C6,-0.7619183279735438
gf2.C3,gf4.C7,-2.49039950309065,gf2.C3_gf4.C7,gf2.C3,gf4.C7,1.8941507679273666,gf2.C3,gf4.C7,0.2631578947368421,gf2.C3,gf4.C7,0.6697853126333857
gf2.C4,gf2.C5,-9.16667253158572,gf2.C4_gf2.C5,gf2.C4,gf2.C5,19.31171813031205,gf2.C4,gf2.C5,0,gf2.C4,gf2.C5,0.5198834957707923
gf2.C4,gf3.C1,4.072258031781358,gf2.C4_gf3.C1,gf2.C4,gf3.C1,4.331991147984622,gf2.C4,gf3.C1,0.2,gf2.C4,gf3.C1,0.5559020393730518
gf2.C4,gf3.C2,-0.471157086436254,gf2.C4_gf3.C2,gf2.C4,gf3.C2,0.19550035402487012,gf2.C4,gf3.C2,0,gf2.C4,gf3.C2,0.03502147426912883
gf2.C4,gf3.C3,-0.7832314970879888,gf2.C4_gf3.C3,gf2.C4,gf3.C3,0.36301973249376496,gf2.C4,gf3.C3,0,gf2.C4,gf3.C3,0.43312394106824015
gf2.C4,gf3.C4,21.740410556799873,gf2.C4_gf3.C4,gf2.C4,gf3.C4,104.06989740015324,gf2.C4,gf3.C4,0.6521739130434783,gf2.C4,gf3.C4,0.5774586554790506
gf2.C4,gf3.C5,1.0386233753873788,gf2.C4_gf3.C5,gf2.C4,gf3.C5,0.524357964038365,gf2.C4,gf3.C5,0.05263157894736842,gf2.C4,gf3.C5,0.5760683554113919
gf2.C4,gf3.C6,-0.8950111989088885,gf2.C4_gf3.C6,gf2.C4,gf3.C6,0.4308824097350689,gf2.C4,gf3.C6,0,gf2.C4,gf3.C6,0.692327876292589
gf2.C4,gf3.C7,-1.0121714025848856,gf2.C4_gf3.C7,gf2.C4,gf3.C7,0.506603149026895,gf2.C4,gf3.C7,0,gf2.C4,gf3.C7,0.4179386955268063
gf2.C4,gf3.C8,-5.312221172227619,gf2.C4_gf3.C8,gf2.C4,gf3.C8,6.965383366618609,gf2.C4,gf3.C8,0.05714285714285714,gf2.C4,gf3.C8,-0.07133719604044697
gf2.C4,gf4.C1,4.501531538286524,gf2.C4_gf4.C1,gf2.C4,gf4.C1,5.170917923783323,gf2.C4,gf4.C1,0.25,gf2.C4,gf4.C1,0.697035270489434
gf2.C4,gf4.C2,-1.7511309212504624,gf2.C4_gf4.C2,gf2.C4,gf4.C2,1.0973262608721461,gf2.C4,gf4.C2,0,gf2.C4,gf4.C2,0.5409450011482653
gf2.C4,gf4.C3,-0.694239787647985,gf2.C4_gf4.C3,gf2.C4,gf4.C3,0.3119970117980483,gf2.C4,gf4.C3,0,gf2.C4,gf4.C3,0.5960994507636876
gf2.C4,gf4.C4,20.32975072052396,gf2.C4_gf4.C4,gf2.C4,gf4.C4,91.15392287989275,gf2.C4,gf4.C4,0.7142857142857143,gf2.C4,gf4.C4,0.9541215922740138
gf2.C4,gf4.C5,-0.46060665748049673,gf2.C4_gf4.C5,gf2.C4,gf4.C5,0.19038586102394298,gf2.C4,gf4.C5,0,gf2.C4,gf4.C5,0.5926138113772239
gf2.C4,gf4.C6,1.3921975256853005,gf2.C4_gf4.C6,gf2.C4,gf4.C6,0.7855201800998728,gf2.C4,gf4.C6,0.08333333333333333,gf2.C4,gf4.C6,-0.527976670374454
gf2.C4,gf4.C7,-5.634896071703325,gf2.C4_gf4.C7,gf2.C4,gf4.C7,7.756555294524757,gf2.C4,gf4.C7,0.08571428571428572,gf2.C4,gf4.C7,0.5760346122590194
gf2.C5,gf3.C1,-1.230958792266967,gf2.C5_gf3.C1,gf2.C5,gf3.C1,0.6608701216334985,gf2.C5,gf3.C1,0.1,gf2.C5,gf3.C1,-0.3841635504475911
gf2.C5,gf3.C2,-2.2091247356239605,gf2.C5_gf3.C2,gf2.C5,gf3.C2,1.565974846154183,gf2.C5,gf3.C2,0,gf2.C5,gf3.C2,-0.7105875801516426
gf2.C5,gf3.C3,-2.9509751447085577,gf2.C5_gf3.C3,gf2.C5,gf3.C3,2.499252655349064,gf2.C5,gf3.C3,0.03571428571428571,gf2.C5,gf3.C3,-0.328427996482082
gf2.C5,gf3.C4,-2.4875845897795656,gf2.C5_gf3.C4,gf2.C5,gf3.C4,1.8907122153870806,gf2.C5,gf3.C4,0.043478260869565216,gf2.C5,gf3.C4,-0.1702705643963569
gf2.C5,gf3.C5,-2.2119595645730485,gf2.C5_gf3.C5,gf2.C5,gf3.C5,1.5691277657464242,gf2.C5,gf3.C5,0.05263157894736842,gf2.C5,gf3.C5,0.13587689238034062
gf2.C5,gf3.C6,-3.0266498034435765,gf2.C5_gf3.C6,gf2.C5,gf3.C6,2.606810554776757,gf2.C5,gf3.C6,0.05405405405405406,gf2.C5,gf3.C6,0.9231524607401334
gf2.C5,gf3.C7,-1.5369160185561153,gf2.C5_gf3.C7,gf2.C5,gf3.C7,0.9054803913415711,gf2.C5,gf3.C7,0.17647058823529413,gf2.C5,gf3.C7,0.4617649716817134
gf2.C5,gf3.C8,15.778747137158927,gf2.C5_gf3.C8,gf2.C5,gf3.C8,55.36076094556115,gf2.C5,gf3.C8,0.7626050420168067,gf2.C5,gf3.C8,0.7026887712788004
gf2.C5,gf4.C1,-1.0965183448727442,gf2.C5_gf4.C1,gf2.C5,gf4.C1,0.5640728589837883,gf2.C5,gf4.C1,0.125,gf2.C5,gf4.C1,-0.2301141679712786
gf2.C5,gf4.C2,-5.6692200775750585,gf2.C5_gf4.C2,gf2.C5,gf4.C2,7.84330244885967,gf2.C5,gf4.C2,0.08264462809917356,gf2.C5,gf4.C2,-0.09705689680669072
gf2.C5,gf4.C3,0.2812729692355959,gf2.C5_gf4.C3,gf2.C5,gf4.C3,0.1087408022703855,gf2.C5,gf4.C3,0.3333333333333333,gf2.C5,gf4.C3,0.5499956269553411
gf2.C5,gf4.C4,-5.365836923182069,gf2.C5_gf4.C4,gf2.C5,gf4.C4,7.093801204680873,gf2.C5,gf4.C4,0.015625,gf2.C5,gf4.C4,0.4227444189271342
gf2.C5,gf4.C5,0.13948901420976373,gf2.C5_gf4.C5,gf2.C5,gf4.C5,0.051067103594029974,gf2.C5,gf4.C5,0.3333333333333333,gf2.C5,gf4.C5,0.8489669260289086
gf2.C5,gf4.C6,-0.4518821604601115,gf2.C5_gf4.C6,gf2.C5,gf4.C6,0.18618299765811647,gf2.C5,gf4.C6,0.25,gf2.C5,gf4.C6,0.0018678707613124512
gf2.C5,gf4.C7,14.708687345898648,gf2.C5_gf4.C7,gf2.C5,gf4.C7,48.246443403411874,gf2.C5,gf4.C7,0.7752100840336135,gf2.C5,gf4.C7,0.9953610635117297
gf3.C1,gf3.C2,-0.34860116090110765,gf3.C1_gf3.C2,gf3.C1,gf3.C2,0.13823341652411367,gf3.C1,gf3.C2,0,gf3.C1,gf3.C2,0.8126951925118946
gf3.C1,gf3.C3,-0.5155163254609275,gf3.C1_gf3.C3,gf3.C1,gf3.C3,0.21738960987971245,gf3.C1,gf3.C3,0,gf3.C1,gf3.C3,0.794266732570621
gf3.C1,gf3.C4,-0.43945887749815055,gf3.C1_gf3.C4,gf3.C1,gf3.C4,0.18023958141141277,gf3.C1,gf3.C4,0,gf3.C1,gf3.C4,0.6825459885439055
gf3.C1,gf3.C5,-0.43819421518815,gf3.C1_gf3.C5,gf3.C1,gf3.C5,0.17963726937005686,gf3.C1,gf3.C5,0,gf3.C1,gf3.C5,0.3086781431467662
gf3.C1,gf3.C6,-0.587842140043005,gf3.C1_gf3.C6,gf3.C1,gf3.C6,0.25442694930342286,gf3.C1,gf3.C6,0,gf3.C1,gf3.C6,-0.18714010881915488
gf3.C1,gf3.C7,-0.7132664038940796,gf3.C1_gf3.C7,gf3.C1,gf3.C7,0.32268426589298727,gf3.C1,gf3.C7,0,gf3.C1,gf3.C7,-0.061620142940299605
gf3.C1,gf3.C8,-7.106269045860467,gf3.C1_gf3.C8,gf3.C1,gf3.C8,11.923643964627596,gf3.C1,gf3.C8,0,gf3.C1,gf3.C8,-0.818549599154772
gf3.C1,gf4.C1,9.5322694515880535,gf3.C1_gf4.C1,gf3.C1,gf4.C1,20.812812815087497,gf3.C1,gf4.C1,0.25,gf3.C1,gf4.C1,0.966623033569089
gf3.C1,gf4.C2,1.5763801854426989,gf3.C1_gf4.C2,gf3.C1,gf4.C2,0.9395355629544709,gf3.C1,gf4.C2,0.2,gf3.C1,gf4.C2,0.7879945906444324
gf3.C1,gf4.C3,-0.32820279977706923,gf3.C1_gf4.C3,gf3.C1,gf4.C3,0.12915246827551363,gf3.C1,gf4.C3,0,gf3.C1,gf4.C3,0.19692262789894222
gf3.C1,gf4.C4,1.0865709197454088,gf3.C1_gf4.C4,gf3.C1,gf4.C4,0.5571652851729983,gf3.C1,gf4.C4,0.1,gf3.C1,gf4.C4,0.5543120403024762
gf3.C1,gf4.C5,-0.22687702862977185,gf3.C1_gf4.C5,gf3.C1,gf4.C5,0.08591116484543267,gf3.C1,gf4.C5,0,gf3.C1,gf4.C5,-0.11231752265041117
gf3.C1,gf4.C6,3.7600986277436195,gf3.C1_gf4.C6,gf3.C1,gf4.C6,3.769943701876159,gf3.C1,gf4.C6,0.1,gf3.C1,gf4.C6,-0.6675318722336181
gf3.C1,gf4.C7,-2.865375217294814,gf3.C1_gf4.C7,gf3.C1,gf4.C7,2.38036894593671,gf3.C1,gf4.C7,0,gf3.C1,gf4.C7,-0.3164440771473995
gf3.C2,gf3.C3,-0.5676139441665382,gf3.C2_gf3.C3,gf3.C2,gf3.C3,0.24389880891018587,gf3.C2,gf3.C3,0,gf3.C2,gf3.C3,0.532962050945073
gf3.C2,gf3.C4,-0.5177132003920997,gf3.C2_gf3.C4,gf3.C2,gf3.C4,0.21848991893310432,gf3.C2,gf3.C4,0,gf3.C2,gf3.C4,0.25913373605640744
gf3.C2,gf3.C5,-0.518760462449878,gf3.C2_gf3.C5,gf3.C2,gf3.C5,0.21901498390360194,gf3.C2,gf3.C5,0,gf3.C2,gf3.C5,-0.09322984148238911
gf3.C2,gf3.C6,-0.6792930892455477,gf3.C2_gf3.C6,gf3.C2,gf3.C6,0.3036854048750102,gf3.C2,gf3.C6,0,gf3.C2,gf3.C6,-0.6107261896915015
gf3.C2,gf3.C7,-0.8055601346001074,gf3.C2_gf3.C7,gf3.C2,gf3.C7,0.37623759433042897,gf3.C2,gf3.C7,0,gf3.C2,gf3.C7,-0.5112542356575165
gf3.C2,gf3.C8,-8.33614499413517,gf3.C2_gf3.C8,gf3.C2,gf3.C8,16.11491146004928,gf3.C2,gf3.C8,0,gf3.C2,gf3.C8,-0.9684415549891765
gf3.C2,gf4.C1,-0.24815759464667408,gf3.C2_gf4.C1,gf3.C2,gf4.C1,0.0947372128106158,gf3.C2,gf4.C1,0,gf3.C2,gf4.C1,0.6823372610256951
gf3.C2,gf4.C2,3.684210853806038,gf3.C2_gf4.C2,gf3.C2,gf4.C2,3.6393833388479018,gf3.C2,gf4.C2,0.3076923076923077,gf3.C2,gf4.C2,0.7302363262835007
gf3.C2,gf4.C3,-0.33310967049816725,gf3.C2_gf4.C3,gf3.C2,gf4.C3,0.13132529729405504,gf3.C2,gf4.C3,0,gf3.C2,gf4.C3,0.0548651327251124
gf3.C2,gf4.C4,-0.6536158448846141,gf3.C2_gf4.C4,gf3.C2,gf4.C4,0.289578537687891,gf3.C2,gf4.C4,0,gf3.C2,gf4.C4,0.023266197450055204
gf3.C2,gf4.C5,-0.20844295449662234,gf3.C2_gf4.C5,gf3.C2,gf4.C5,0.07837431961340108,gf3.C2,gf4.C5,0,gf3.C2,gf4.C5,-0.3443007370696969
gf3.C2,gf4.C6,-0.31655226237578094,gf3.C2_gf4.C6,gf3.C2,gf4.C6,0.12402284182225017,gf3.C2,gf4.C6,0,gf3.C2,gf4.C6,-0.6165024958339325
gf3.C2,gf4.C7,-2.7092997689224725,gf3.C2_gf4.C7,gf3.C2,gf4.C7,2.171176536475319,gf3.C2,gf4.C7,0.07692307692307693,gf3.C2,gf4.C7,-0.6567787216561616
gf3.C3,gf3.C4,-0.7896741156111358,gf3.C3_gf3.C4,gf3.C3,gf3.C4,0.3668163412741925,gf3.C3,gf3.C4,0,gf3.C3,gf3.C4,0.698031306296599
gf3.C3,gf3.C5,-0.7041206826821236,gf3.C3_gf3.C5,gf3.C3,gf3.C5,0.3175321480460554,gf3.C3,gf3.C5,0,gf3.C3,gf3.C5,0.30529993433746516
gf3.C3,gf3.C6,-0.9824807705677427,gf3.C3_gf3.C6,gf3.C3,gf3.C6,0.4869648795060549,gf3.C3,gf3.C6,0,gf3.C3,gf3.C6,-0.18005140412598108
gf3.C3,gf3.C7,-1.1627274515885915,gf3.C3_gf3.C7,gf3.C3,gf3.C7,0.6109401090506662,gf3.C3,gf3.C7,0,gf3.C3,gf3.C7,0.40995468411010694
gf3.C3,gf3.C8,-12.25390774501174,gf3.C3_gf3.C8,gf3.C3,gf3.C8,33.79563093211939,gf3.C3,gf3.C8,0,gf3.C3,gf3.C8,-0.5443870000196522
gf3.C3,gf4.C1,-0.34919467242043695,gf3.C3_gf4.C1,gf3.C3,gf4.C1,0.13849954215960608,gf3.C3,gf4.C1,0,gf3.C3,gf4.C1,0.7767216115935156
gf3.C3,gf4.C2,-1.417326075059193,gf3.C3_gf4.C2,gf3.C3,gf4.C2,0.805797643547799,gf3.C3,gf4.C2,0,gf3.C3,gf4.C2,0.44523753657208354
gf3.C3,gf4.C3,-0.5379135940561768,gf3.C3_gf4.C3,gf3.C3,gf4.C3,0.2286795689330858,gf3.C3,gf4.C3,0,gf3.C3,gf4.C3,-0.15483945722060843
gf3.C3,gf4.C4,-1.0236029903073822,gf3.C3_gf4.C4,gf3.C3,gf4.C4,0.5142461697671391,gf3.C3,gf4.C4,0,gf3.C3,gf4.C4,0.41459585166613877
gf3.C3,gf4.C5,-0.3321218854204056,gf3.C3_gf4.C5,gf3.C3,gf4.C5,0.1308873020515858,gf3.C3,gf4.C5,0,gf3.C3,gf4.C5,-0.30176951569057
gf3.C3,gf4.C6,-0.38855278436375795,gf3.C3_gf4.C6,gf3.C3,gf4.C6,0.15638917021955304,gf3.C3,gf4.C6,0,gf3.C3,gf4.C6,-0.25851588786915936
gf3.C3,gf4.C7,-3.662332997658878,gf3.C3_gf4.C7,gf3.C3,gf4.C7,3.60218389872591,gf3.C3,gf4.C7,0.10714285714285714,gf3.C3,gf4.C7,-0.2971290344789912
gf3.C4,gf3.C5,-0.6221103153980365,gf3.C4_gf3.C5,gf3.C4,gf3.C5,0.2725650259415941,gf3.C4,gf3.C5,0,gf3.C4,gf3.C5,0.6417437320971111
gf3.C4,gf3.C6,-0.8893200117749465,gf3.C4_gf3.C6,gf3.C4,gf3.C6,0.42732454869525,gf3.C4,gf3.C6,0,gf3.C4,gf3.C6,0.05203832272594722
gf3.C4,gf3.C7,-1.134442104204166,gf3.C4_gf3.C7,gf3.C4,gf3.C7,0.5907278683798238,gf3.C4,gf3.C7,0,gf3.C4,gf3.C7,0.4631906761402518
gf3.C4,gf3.C8,-10.913996788929081,gf3.C4_gf3.C8,gf3.C4,gf3.C8,27.00518060630436,gf3.C4,gf3.C8,0,gf3.C4,gf3.C8,-0.2583295396444969
gf3.C4,gf4.C1,10.133786552757918,gf3.C4_gf4.C1,gf3.C4,gf4.C1,23.407600793434913,gf3.C4,gf4.C1,0.375,gf3.C4,gf4.C1,0.7079435272772109
gf3.C4,gf4.C2,-1.2787696844905454,gf3.C4_gf4.C2,gf3.C4,gf4.C2,0.6968511075215816,gf3.C4,gf4.C2,0,gf3.C4,gf4.C2,0.17438618742626422
gf3.C4,gf4.C3,-0.4647394393268248,gf3.C4_gf4.C3,gf3.C4,gf4.C3,0.19238511421531476,gf3.C4,gf4.C3,0,gf3.C4,gf4.C3,-0.19597449965849711
gf3.C4,gf4.C4,13.042014152820242,gf3.C4_gf4.C4,gf3.C4,gf4.C4,38.15139310137126,gf3.C4,gf4.C4,0.5217391304347826,gf3.C4,gf4.C4,0.6969096898075255
gf3.C4,gf4.C5,-0.3110497296376414,gf3.C4_gf4.C5,gf3.C4,gf4.C5,0.1216144790918066,gf3.C4,gf4.C5,0,gf3.C4,gf4.C5,-0.2602186677423737
gf3.C4,gf4.C6,-0.42542271224771366,gf3.C4_gf4.C6,gf3.C4,gf4.C6,0.17358272453320694,gf3.C4,gf4.C6,0,gf3.C4,gf4.C6,-0.05808653462504232
gf3.C4,gf4.C7,-3.5366513163790367,gf3.C4_gf4.C7,gf3.C4,gf4.C7,3.392293814204086,gf3.C4,gf4.C7,0.08695652173913043,gf3.C4,gf4.C7,-0.1469424859173596
gf3.C5,gf3.C6,-0.8454016580091445,gf3.C5_gf3.C6,gf3.C5,gf3.C6,0.4002406658941552,gf3.C5,gf3.C6,0,gf3.C5,gf3.C6,0.47697999619495923
gf3.C5,gf3.C7,-0.9874540960640071,gf3.C5_gf3.C7,gf3.C5,gf3.C7,0.4902330252850552,gf3.C5,gf3.C7,0,gf3.C5,gf3.C7,0.46305053426287224
gf3.C5,gf3.C8,-10.111466778693133,gf3.C5_gf3.C8,gf3.C5,gf3.C8,23.308538828321392,gf3.C5,gf3.C8,0,gf3.C5,gf3.C8,0.08532221894874104
gf3.C5,gf4.C1,-0.3014101721672358,gf3.C5_gf4.C1,gf3.C5,gf4.C1,0.11741755702896267,gf3.C5,gf4.C1,0,gf3.C5,gf4.C1,0.4805806047359432
gf3.C5,gf4.C2,-1.1559214661517743,gf3.C5_gf4.C2,gf3.C5,gf4.C2,0.6060507076783919,gf3.C5,gf4.C2,0,gf3.C5,gf4.C2,0.019715710669978348
gf3.C5,gf4.C3,-0.444538551311361,gf3.C5_gf4.C3,gf3.C5,gf4.C3,0.18266389328811386,gf3.C5,gf4.C3,0,gf3.C5,gf4.C3,-0.035603597310235546
gf3.C5,gf4.C4,0.39362612419559007,gf3.C5_gf4.C4,gf3.C5,gf4.C4,0.15872996907803477,gf3.C5,gf4.C4,0.05263157894736842,gf3.C5,gf4.C4,0.716719203296158
gf3.C5,gf4.C5,-0.2895796947021066,gf3.C5_gf4.C5,gf3.C5,gf4.C5,0.11230518445977533,gf3.C5,gf4.C5,0,gf3.C5,gf4.C5,0.004302076569640767
gf3.C5,gf4.C6,-0.35790082396980194,gf3.C5_gf4.C6,gf3.C5,gf4.C6,0.14241572553129858,gf3.C5,gf4.C6,0,gf3.C5,gf4.C6,0.016845312524888967
gf3.C5,gf4.C7,-3.147315631228062,gf3.C5_gf4.C7,gf3.C5,gf4.C7,2.783103447395462,gf3.C5,gf4.C7,0.10526315789473684,gf3.C5,gf4.C7,0.16511949413719473
gf3.C6,gf3.C7,-1.431587966561602,gf3.C6_gf3.C7,gf3.C6,gf3.C7,0.8174091103125606,gf3.C6,gf3.C7,0,gf3.C6,gf3.C7,0.509281297764307
gf3.C6,gf3.C8,-14.569995552337522,gf3.C6_gf3.C8,gf3.C6,gf3.C8,47.36059380493372,gf3.C6,gf3.C8,0,gf3.C6,gf3.C8,0.5878013445303688
gf3.C6,gf4.C1,-0.38195060541457404,gf3.C6_gf4.C1,gf3.C6,gf4.C1,0.15335490597379203,gf3.C6,gf4.C1,0,gf3.C6,gf4.C1,0.02000786613163763
gf3.C6,gf4.C2,-1.59007520417517,gf3.C6_gf4.C2,gf3.C6,gf4.C2,0.9514888453967816,gf3.C6,gf4.C2,0,gf3.C6,gf4.C2,0.011930030073182829
gf3.C6,gf4.C3,-0.6218679402112564,gf3.C6_gf4.C3,gf3.C6,gf4.C3,0.27243539613232026,gf3.C6,gf4.C3,0,gf3.C6,gf4.C3,0.5540112890883595
gf3.C6,gf4.C4,-1.1776458801463991,gf3.C6_gf4.C4,gf3.C6,gf4.C4,0.6217151194832712,gf3.C6,gf4.C4,0,gf3.C6,gf4.C4,0.6375014519111717
gf3.C6,gf4.C5,-0.3970886678795876,gf3.C6_gf4.C5,gf3.C6,gf4.C5,0.1603321388094004,gf3.C6,gf4.C5,0,gf3.C6,gf4.C5,0.8028128648318739
gf3.C6,gf4.C6,1.4234851013008893,gf3.C6_gf4.C6,gf3.C6,gf4.C6,0.8108029324794188,gf3.C6,gf4.C6,0.08333333333333333,gf3.C6,gf4.C6,-0.09836535649841815
gf3.C6,gf4.C7,-3.7132446696423904,gf3.C6_gf4.C7,gf3.C6,gf4.C7,3.689054267885441,gf3.C6,gf4.C7,0.13513513513513514,gf3.C6,gf4.C7,0.9394544680026011
gf3.C7,gf3.C8,-17.00813629506687,gf3.C7_gf3.C8,gf3.C7,gf3.C8,64.14584254573239,gf3.C7,gf3.C8,0,gf3.C7,gf3.C8,0.5341995178140759
gf3.C7,gf4.C1,-0.4813025804138619,gf3.C7_gf4.C1,gf3.C7,gf4.C1,0.20045168457115167,gf3.C7,gf4.C1,0,gf3.C7,gf4.C1,0.04369934378439999
gf3.C7,gf4.C2,-1.8910329875799556,gf3.C7_gf4.C2,gf3.C7,gf4.C2,1.2319546239876917,gf3.C7,gf4.C2,0,gf3.C7,gf4.C2,-0.34973883309539433
gf3.C7,gf4.C3,-0.7603353723519708,gf3.C7_gf4.C3,gf3.C7,gf4.C3,0.3496398756815375,gf3.C7,gf4.C3,0,gf3.C7,gf4.C3,-0.24645689387882008
gf3.C7,gf4.C4,-1.3823422778395114,gf3.C7_gf4.C4,gf3.C7,gf4.C4,0.7776305036762453,gf3.C7,gf4.C4,0,gf3.C7,gf4.C4,0.4338840738598888
gf3.C7,gf4.C5,-0.5080098684372762,gf3.C7_gf4.C5,gf3.C7,gf4.C5,0.21364159164901605,gf3.C7,gf4.C5,0,gf3.C7,gf4.C5,0.0505699347633668
gf3.C7,gf4.C6,1.1039891597243305,gf3.C7_gf4.C6,gf3.C7,gf4.C6,0.5692835915013807,gf3.C7,gf4.C6,0.08333333333333333,gf3.C7,gf4.C6,0.4514695446159043
gf3.C7,gf4.C7,-3.1106700103505758,gf3.C7_gf4.C7,gf3.C7,gf4.C7,2.7289408073113433,gf3.C7,gf4.C7,0.23529411764705882,gf3.C7,gf4.C7,0.43169965229825624
gf3.C8,gf4.C1,-2.8284993083026637,gf3.C8_gf4.C1,gf3.C8,gf4.C1,2.3300623255244695,gf3.C8,gf4.C1,0,gf3.C8,gf4.C1,-0.7183115735725567
gf3.C8,gf4.C2,-8.845932574228165,gf3.C8_gf4.C2,gf3.C8,gf4.C2,18.04207175715655,gf3.C8,gf4.C2,0.11570247933884298,gf3.C8,gf4.C2,-0.7658529239113545
gf3.C8,gf4.C3,0.5673554252788328,gf3.C8_gf4.C3,gf3.C8,gf4.C3,0.24376511280419927,gf3.C8,gf4.C3,0.5555555555555556,gf3.C8,gf4.C3,-0.1233136486638351
gf3.C8,gf4.C4,-7.617066355128061,gf3.C8_gf4.C4,gf3.C8,gf4.C4,13.58585267935963,gf3.C8,gf4.C4,0.03125,gf3.C8,gf4.C4,-0.03728314053955861
gf3.C8,gf4.C5,-0.2516745997964851,gf3.C8_gf4.C5,gf3.C8,gf4.C5,0.09620887254553444,gf3.C8,gf4.C5,0.4444444444444444,gf3.C8,gf4.C5,0.29021361536076173
gf3.C8,gf4.C6,-2.901543756999408,gf3.C8_gf4.C6,gf3.C8,gf4.C6,2.4302412303504304,gf3.C8,gf4.C6,0.08333333333333333,gf3.C8,gf4.C6,0.6841317905946754
gf3.C8,gf4.C7,16.52262972003721,gf3.C8_gf4.C7,gf3.C8,gf4.C7,60.59832456811868,gf3.C8,gf4.C7,0.6542617046818727,gf3.C8,gf4.C7,0.6430852355909551
gf4.C1,gf4.C2,-1.0777342452671723,gf4.C1_gf4.C2,gf4.C1,gf4.C2,0.5510582493240362,gf4.C1,gf4.C2,0,gf4.C1,gf4.C2,0.78729789435384
gf4.C1,gf4.C3,-0.35885975027318173,gf4.C1_gf4.C3,gf4.C1,gf4.C3,0.14284849046507195,gf4.C1,gf4.C3,0,gf4.C1,gf4.C3,0.2935868775209074
gf4.C1,gf4.C4,-0.7669492130713743,gf4.C1_gf4.C4,gf4.C1,gf4.C4,0.3534867709414817,gf4.C1,gf4.C4,0,gf4.C1,gf4.C4,0.6857926388326109
gf4.C1,gf4.C5,-0.259663441043604,gf4.C1_gf4.C5,gf4.C1,gf4.C5,0.09956546787866874,gf4.C1,gf4.C5,0,gf4.C1,gf4.C5,0.025000563398649756
gf4.C1,gf4.C6,-0.30862216998929964,gf4.C1_gf4.C6,gf4.C1,gf4.C6,0.12055490092907568,gf4.C1,gf4.C6,0,gf4.C1,gf4.C6,-0.6911406157763
gf4.C1,gf4.C7,-5.439658639875,gf4.C1_gf4.C7,gf4.C1,gf4.C7,7.272599006010468,gf4.C1,gf4.C7,0,gf4.C1,gf4.C7,-0.1571458666184955
gf4.C2,gf4.C3,-1.5846857799782332,gf4.C2_gf4.C3,gf4.C2,gf4.C3,0.9467765174730816,gf4.C2,gf4.C3,0,gf4.C2,gf4.C3,0.6775485951428621
gf4.C2,gf4.C4,-3.0536985257257596,gf4.C2_gf4.C4,gf4.C2,gf4.C4,2.6458164168303537,gf4.C2,gf4.C4,0,gf4.C2,gf4.C4,0.40461141399749323
gf4.C2,gf4.C5,-1.1387246257476116,gf4.C2_gf4.C5,gf4.C2,gf4.C5,0.5937698491836758,gf4.C2,gf4.C5,0,gf4.C2,gf4.C5,0.35660764629161257
gf4.C2,gf4.C6,-1.1976653093496314,gf4.C2_gf4.C6,gf4.C2,gf4.C6,0.6362990276269733,gf4.C2,gf4.C6,0,gf4.C2,gf4.C6,-0.9618576325901416
gf4.C2,gf4.C7,-21.61567608421731,gf4.C2_gf4.C7,gf4.C2,gf4.C7,102.89307703130645,gf4.C2,gf4.C7,0,gf4.C2,gf4.C7,-0.016116380005656294
gf4.C3,gf4.C4,-1.0771653682812403,gf4.C3_gf4.C4,gf4.C3,gf4.C4,0.5506660389728804,gf4.C3,gf4.C4,0,gf4.C3,gf4.C4,0.42659017330109195
gf4.C3,gf4.C5,-0.39109968692783165,gf4.C3_gf4.C5,gf4.C3,gf4.C5,0.15756329440305877,gf4.C3,gf4.C5,0,gf4.C3,gf4.C5,0.9015593100226303
gf4.C3,gf4.C6,-0.4539320232418078,gf4.C3_gf4.C6,gf4.C3,gf4.C6,0.18716832919035695,gf4.C3,gf4.C6,0,gf4.C3,gf4.C6,-0.782661702387077
gf4.C3,gf4.C7,-8.253264599780605,gf4.C3_gf4.C7,gf4.C3,gf4.C7,15.81212608417949,gf4.C3,gf4.C7,0,gf4.C3,gf4.C7,0.6096477283032182
gf4.C4,gf4.C5,-0.7297725291149803,gf4.C4_gf4.C5,gf4.C4,gf4.C5,0.3320530367888112,gf4.C4,gf4.C5,0,gf4.C4,gf4.C5,0.4300273320963852
gf4.C4,gf4.C6,-0.9008045639750543,gf4.C4_gf4.C6,gf4.C4,gf4.C6,0.4345155350480421,gf4.C4,gf4.C6,0,gf4.C4,gf4.C6,-0.3862617571971996
gf4.C4,gf4.C7,-15.891066698149082,gf4.C4_gf4.C7,gf4.C4,gf4.C7,56.13624043095472,gf4.C4,gf4.C7,0,gf4.C4,gf4.C7,0.4754921140841688
gf4.C5,gf4.C6,-0.31272309667273496,gf4.C5_gf4.C6,gf4.C5,gf4.C6,0.12234590962620497,gf4.C5,gf4.C6,0,gf4.C5,gf4.C6,-0.48448305168630856
gf4.C5,gf4.C7,-5.478522037318397,gf4.C5_gf4.C7,gf4.C5,gf4.C7,7.367650861383437,gf4.C5,gf4.C7,0,gf4.C5,gf4.C7,0.8837754960942801
gf4.C6,gf4.C7,-6.544281017934061,gf4.C6_gf4.C7,gf4.C6,gf4.C7,10.223427445997903,gf4.C6,gf4.C7,0,gf4.C6,gf4.C7,-0.08229486601403435
